#
# There is insufficient memory for the Java Runtime Environment to continue.
# Native memory allocation (malloc) failed to allocate 1125776 bytes. Error detail: Chunk::new
# Possible reasons:
#   The system is out of physical RAM or swap space
#   This process is running with CompressedOops enabled, and the Java Heap may be blocking the growth of the native heap
# Possible solutions:
#   Reduce memory load on the system
#   Increase physical memory or swap space
#   Check if swap backing store is full
#   Decrease Java heap size (-Xmx/-Xms)
#   Decrease number of Java threads
#   Decrease Java thread stack sizes (-Xss)
#   Set larger code cache with -XX:ReservedCodeCacheSize=
#   JVM is running with Unscaled Compressed Oops mode in which the Java heap is
#     placed in the first 4GB address space. The Java Heap base address is the
#     maximum limit for the native heap growth. Please use -XX:HeapBaseMinAddress
#     to set the Java Heap base and to place the Java Heap above 4GB virtual address.
# This output file may be truncated or incomplete.
#
#  Out of Memory Error (arena.cpp:149), pid=53224, tid=55320
#
# JRE version: Java(TM) SE Runtime Environment (23.0+37) (build 23+37-2369)
# Java VM: Java HotSpot(TM) 64-Bit Server VM (23+37-2369, mixed mode, sharing, tiered, compressed oops, compressed class ptrs, g1 gc, windows-amd64)
# No core dump will be written. Minidumps are not enabled by default on client versions of Windows
#

---------------  S U M M A R Y ------------

Command Line: --add-opens=java.base/java.lang=ALL-UNNAMED --add-opens=java.base/java.lang.invoke=ALL-UNNAMED --add-opens=java.base/java.util=ALL-UNNAMED --add-opens=java.prefs/java.util.prefs=ALL-UNNAMED --add-exports=jdk.compiler/com.sun.tools.javac.api=ALL-UNNAMED --add-exports=jdk.compiler/com.sun.tools.javac.util=ALL-UNNAMED --add-opens=java.base/java.util=ALL-UNNAMED --add-opens=java.prefs/java.util.prefs=ALL-UNNAMED --add-opens=java.base/java.nio.charset=ALL-UNNAMED --add-opens=java.base/java.net=ALL-UNNAMED --add-opens=java.base/java.util.concurrent.atomic=ALL-UNNAMED --add-opens=java.xml/javax.xml.namespace=ALL-UNNAMED -XX:MaxMetaspaceSize=512m -Xmx2048m -Dfile.encoding=UTF-8 -Duser.country=US -Duser.language=en -Duser.variant -javaagent:C:\Users\ASUS\.gradle\wrapper\dists\gradle-8.14.3-bin\cv11ve7ro1n3o1j4so8xd9n66\gradle-8.14.3\lib\agents\gradle-instrumentation-agent-8.14.3.jar org.gradle.launcher.daemon.bootstrap.GradleDaemon 8.14.3

Host: AMD Ryzen 5 4600H with Radeon Graphics         , 12 cores, 7G,  Windows 11 , 64 bit Build 26100 (10.0.26100.8875)
Time: Mon Jul 20 06:55:31 2026 SE Asia Standard Time elapsed time: 103.168287 seconds (0d 0h 1m 43s)

---------------  T H R E A D  ---------------

Current thread (0x0000021d9437eea0):  JavaThread "C2 CompilerThread0" daemon [_thread_in_native, id=55320, stack(0x000000a093100000,0x000000a093200000) (1024K)]


Current CompileTask:
C2:103170 12967       4       java.io.ObjectOutputStream::writeClassDesc (60 bytes)

Stack: [0x000000a093100000,0x000000a093200000]
Native frames: (J=compiled Java code, j=interpreted, Vv=VM code, C=native code)
V  [jvm.dll+0x6e08a9]  (no source info available)
V  [jvm.dll+0x87da63]  (no source info available)
V  [jvm.dll+0x87feee]  (no source info available)
V  [jvm.dll+0x8805c3]  (no source info available)
V  [jvm.dll+0x27aee6]  (no source info available)
V  [jvm.dll+0xbc06f]  (no source info available)
V  [jvm.dll+0xbc2cb]  (no source info available)
V  [jvm.dll+0x3b3a62]  (no source info available)
V  [jvm.dll+0x1dc19c]  (no source info available)
V  [jvm.dll+0x244be5]  (no source info available)
V  [jvm.dll+0x243dff]  (no source info available)
V  [jvm.dll+0x1c33a0]  (no source info available)
V  [jvm.dll+0x253cf1]  (no source info available)
V  [jvm.dll+0x251faa]  (no source info available)
V  [jvm.dll+0x3ee036]  (no source info available)
V  [jvm.dll+0x824f1b]  (no source info available)
V  [jvm.dll+0x6df055]  (no source info available)
C  [ucrtbase.dll+0x2cd30]  (no source info available)
C  [KERNEL32.DLL+0x2e957]  (no source info available)
C  [ntdll.dll+0xaad6c]  (no source info available)

Lock stack of current Java thread (top to bottom):


---------------  P R O C E S S  ---------------

Threads class SMR info:
_java_thread_list=0x0000021db5576f70, length=205, elements={
0x0000021df4b55450, 0x0000021d943720e0, 0x0000021d94374b50, 0x0000021d943779c0,
0x0000021d94378420, 0x0000021d94378e80, 0x0000021d943798e0, 0x0000021d9437eea0,
0x0000021d94381b70, 0x0000021d944505a0, 0x0000021d945a4670, 0x0000021db4f3a1f0,
0x0000021d94923ad0, 0x0000021d94926c80, 0x0000021db42da5b0, 0x0000021db42dac20,
0x0000021db4218370, 0x0000021db424bfc0, 0x0000021db421eb10, 0x0000021db421f1a0,
0x0000021db421e480, 0x0000021db421ca40, 0x0000021db421d760, 0x0000021db421d0d0,
0x0000021db421ddf0, 0x0000021db6cf0f80, 0x0000021db6cf1ca0, 0x0000021db6cf1610,
0x0000021db6cf3d70, 0x0000021db6cf2330, 0x0000021db6cf29c0, 0x0000021db6cf36e0,
0x0000021db6cf4400, 0x0000021db6da3fd0, 0x0000021db6da3940, 0x0000021db6da4660,
0x0000021db6da2c20, 0x0000021db6da1870, 0x0000021db6da2590, 0x0000021db6da1f00,
0x0000021db6da6730, 0x0000021db6da6dc0, 0x0000021db6da4cf0, 0x0000021db6da8800,
0x0000021db6da60a0, 0x0000021db7923990, 0x0000021db7926e10, 0x0000021db79274a0,
0x0000021db7924020, 0x0000021db7929c00, 0x0000021db7928ee0, 0x0000021db792a920,
0x0000021db6a13810, 0x0000021db6a15f70, 0x0000021db6a158e0, 0x0000021db6a12af0,
0x0000021db6a16600, 0x0000021db6a13180, 0x0000021db6a19a80, 0x0000021db6a16c90,
0x0000021db6a17320, 0x0000021db6a179b0, 0x0000021db6a18040, 0x0000021db6a186d0,
0x0000021db6a18d60, 0x0000021db6a193f0, 0x0000021db7f890e0, 0x0000021db7f89e00,
0x0000021db7f89770, 0x0000021db7f8bed0, 0x0000021db7f8a490, 0x0000021db7f8ab20,
0x0000021db7f8b840, 0x0000021db7f88a50, 0x0000021db7f8dfa0, 0x0000021db7f8e630,
0x0000021db7f8b1b0, 0x0000021db7f8ecc0, 0x0000021db7f8f350, 0x0000021db7f8f9e0,
0x0000021db7f8c560, 0x0000021db7f8cbf0, 0x0000021db7f8d280, 0x0000021db7f90070,
0x0000021db8282230, 0x0000021db8282f50, 0x0000021db82856b0, 0x0000021db7c17cc0,
0x0000021db7c1aab0, 0x0000021db7c1b7d0, 0x0000021db7c18350, 0x0000021db7c1c4f0,
0x0000021db7c19700, 0x0000021db7c1b140, 0x0000021db7c1be60, 0x0000021db7c1cb80,
0x0000021db7c1d210, 0x0000021db7c19d90, 0x0000021db7c1df30, 0x0000021db827fad0,
0x0000021db8f3b7c0, 0x0000021db8f3b130, 0x0000021db8f3be50, 0x0000021db8f3cb70,
0x0000021db8f3d200, 0x0000021db8f3aaa0, 0x0000021db8f3d890, 0x0000021db8f3a410,
0x0000021db8f3c4e0, 0x0000021db8f3f960, 0x0000021db8f3e5b0, 0x0000021db8f3ec40,
0x0000021db8f3df20, 0x0000021db8f40d10, 0x0000021db8f413a0, 0x0000021db8f3f2d0,
0x0000021db8f41a30, 0x0000021db8f3fff0, 0x0000021db8f40680, 0x0000021db859a560,
0x0000021db8599840, 0x0000021db859abf0, 0x0000021db8598490, 0x0000021db8598b20,
0x0000021db859d350, 0x0000021db859d9e0, 0x0000021db859e070, 0x0000021db859e700,
0x0000021db859ed90, 0x0000021db859f420, 0x0000021db859c630, 0x0000021db859ccc0,
0x0000021db8284990, 0x0000021db8ae6e90, 0x0000021db8ae88d0, 0x0000021db8ae8f60,
0x0000021db8ae7bb0, 0x0000021db8ae6800, 0x0000021db8ae7520, 0x0000021db8ae95f0,
0x0000021db8ae8240, 0x0000021db8ae6170, 0x0000021db8aea9a0, 0x0000021db8aea310,
0x0000021db8aed100, 0x0000021db8aec3e0, 0x0000021db8aeca70, 0x0000021db8ae9c80,
0x0000021db8aebd50, 0x0000021db8aede20, 0x0000021db8aed790, 0x0000021db8aee4b0,
0x0000021db9029cc0, 0x0000021db902a9e0, 0x0000021db902b070, 0x0000021db902a350,
0x0000021db7848dc0, 0x0000021db7849450, 0x0000021db94c55c0, 0x0000021db94c48a0,
0x0000021db94c5c50, 0x0000021db94c2e60, 0x0000021db94c4f30, 0x0000021db94c62e0,
0x0000021db8aeeb40, 0x0000021db7dab6f0, 0x0000021db8aeb6c0, 0x0000021db7dab060,
0x0000021db7dabd80, 0x0000021db8af1930, 0x0000021db7dac410, 0x0000021db8af1fc0,
0x0000021db8708900, 0x0000021db8af2650, 0x0000021db8707be0, 0x0000021db8af0580,
0x0000021db8708270, 0x0000021db9c115d0, 0x0000021db8707550, 0x0000021db9c11c60,
0x0000021db9c108b0, 0x0000021db7291b00, 0x0000021db9c10f40, 0x0000021db7292820,
0x0000021db94c34f0, 0x0000021db8406300, 0x0000021db94c3b80, 0x0000021db8405c70,
0x0000021db94c4210, 0x0000021db8404f50, 0x0000021db84055e0, 0x0000021db79918e0,
0x0000021db545d550, 0x0000021db545e900, 0x0000021db545e270, 0x0000021db76db340,
0x0000021db76dacb0, 0x0000021db76d9f90, 0x0000021db798f810, 0x0000021db798e460,
0x0000021db798fea0, 0x0000021db7990530, 0x0000021db7990bc0, 0x0000021db798f180,
0x0000021db97caaa0
}

Java Threads: ( => current thread )
  0x0000021df4b55450 JavaThread "main"                              [_thread_blocked, id=14668, stack(0x000000a092300000,0x000000a092400000) (1024K)]
  0x0000021d943720e0 JavaThread "Reference Handler"          daemon [_thread_blocked, id=35360, stack(0x000000a092b00000,0x000000a092c00000) (1024K)]
  0x0000021d94374b50 JavaThread "Finalizer"                  daemon [_thread_blocked, id=55804, stack(0x000000a092c00000,0x000000a092d00000) (1024K)]
  0x0000021d943779c0 JavaThread "Signal Dispatcher"          daemon [_thread_blocked, id=20580, stack(0x000000a092d00000,0x000000a092e00000) (1024K)]
  0x0000021d94378420 JavaThread "Attach Listener"            daemon [_thread_blocked, id=54216, stack(0x000000a092e00000,0x000000a092f00000) (1024K)]
  0x0000021d94378e80 JavaThread "Service Thread"             daemon [_thread_blocked, id=56100, stack(0x000000a092f00000,0x000000a093000000) (1024K)]
  0x0000021d943798e0 JavaThread "Monitor Deflation Thread"   daemon [_thread_blocked, id=55728, stack(0x000000a093000000,0x000000a093100000) (1024K)]
=>0x0000021d9437eea0 JavaThread "C2 CompilerThread0"         daemon [_thread_in_native, id=55320, stack(0x000000a093100000,0x000000a093200000) (1024K)]
  0x0000021d94381b70 JavaThread "C1 CompilerThread0"         daemon [_thread_blocked, id=50864, stack(0x000000a093200000,0x000000a093300000) (1024K)]
  0x0000021d944505a0 JavaThread "Common-Cleaner"             daemon [_thread_blocked, id=55708, stack(0x000000a093300000,0x000000a093400000) (1024K)]
  0x0000021d945a4670 JavaThread "Notification Thread"        daemon [_thread_blocked, id=53852, stack(0x000000a093400000,0x000000a093500000) (1024K)]
  0x0000021db4f3a1f0 JavaThread "Daemon health stats"               [_thread_blocked, id=21004, stack(0x000000a093a00000,0x000000a093b00000) (1024K)]
  0x0000021d94923ad0 JavaThread "Incoming local TCP Connector on port 50071"        [_thread_in_native, id=49728, stack(0x000000a093b00000,0x000000a093c00000) (1024K)]
  0x0000021d94926c80 JavaThread "Daemon periodic checks"            [_thread_blocked, id=2560, stack(0x000000a093c00000,0x000000a093d00000) (1024K)]
  0x0000021db42da5b0 JavaThread "Daemon"                            [_thread_blocked, id=50576, stack(0x000000a093d00000,0x000000a093e00000) (1024K)]
  0x0000021db42dac20 JavaThread "Handler for socket connection from /127.0.0.1:50071 to /127.0.0.1:50072"        [_thread_in_native, id=46152, stack(0x000000a093e00000,0x000000a093f00000) (1024K)]
  0x0000021db4218370 JavaThread "Cancel handler"                    [_thread_blocked, id=54764, stack(0x000000a093f00000,0x000000a094000000) (1024K)]
  0x0000021db424bfc0 JavaThread "Daemon worker"                     [_thread_blocked, id=48884, stack(0x000000a094000000,0x000000a094100000) (1024K)]
  0x0000021db421eb10 JavaThread "Asynchronous log dispatcher for DefaultDaemonConnection: socket connection from /127.0.0.1:50071 to /127.0.0.1:50072"        [_thread_blocked, id=15168, stack(0x000000a094100000,0x000000a094200000) (1024K)]
  0x0000021db421f1a0 JavaThread "Stdin handler"                     [_thread_blocked, id=38752, stack(0x000000a094200000,0x000000a094300000) (1024K)]
  0x0000021db421e480 JavaThread "Daemon client event forwarder"        [_thread_blocked, id=4308, stack(0x000000a094300000,0x000000a094400000) (1024K)]
  0x0000021db421ca40 JavaThread "Cache worker for journal cache (C:\Users\ASUS\.gradle\caches\journal-1)"        [_thread_blocked, id=47496, stack(0x000000a094800000,0x000000a094900000) (1024K)]
  0x0000021db421d760 JavaThread "File lock request listener"        [_thread_in_native, id=45140, stack(0x000000a094900000,0x000000a094a00000) (1024K)]
  0x0000021db421d0d0 JavaThread "Cache worker for file hash cache (C:\Users\ASUS\.gradle\caches\8.14.3\fileHashes)"        [_thread_blocked, id=42620, stack(0x000000a094a00000,0x000000a094b00000) (1024K)]
  0x0000021db421ddf0 JavaThread "Cache worker for file hash cache (C:\Users\ASUS\Lintara\android\.gradle\8.14.3\fileHashes)"        [_thread_blocked, id=41436, stack(0x000000a094d00000,0x000000a094e00000) (1024K)]
  0x0000021db6cf0f80 JavaThread "Cache worker for Build Output Cleanup Cache (C:\Users\ASUS\Lintara\android\.gradle\buildOutputCleanup)"        [_thread_blocked, id=35936, stack(0x000000a094e00000,0x000000a094f00000) (1024K)]
  0x0000021db6cf1ca0 JavaThread "File watcher server"        daemon [_thread_in_native, id=23708, stack(0x000000a094f00000,0x000000a095000000) (1024K)]
  0x0000021db6cf1610 JavaThread "File watcher consumer"      daemon [_thread_blocked, id=54580, stack(0x000000a095000000,0x000000a095100000) (1024K)]
  0x0000021db6cf3d70 JavaThread "jar transforms"                    [_thread_blocked, id=54060, stack(0x000000a095100000,0x000000a095200000) (1024K)]
  0x0000021db6cf2330 JavaThread "jar transforms Thread 2"           [_thread_blocked, id=43820, stack(0x000000a095200000,0x000000a095300000) (1024K)]
  0x0000021db6cf29c0 JavaThread "jar transforms Thread 3"           [_thread_blocked, id=33068, stack(0x000000a095300000,0x000000a095400000) (1024K)]
  0x0000021db6cf36e0 JavaThread "jar transforms Thread 4"           [_thread_blocked, id=54972, stack(0x000000a095400000,0x000000a095500000) (1024K)]
  0x0000021db6cf4400 JavaThread "jar transforms Thread 5"           [_thread_blocked, id=52348, stack(0x000000a095500000,0x000000a095600000) (1024K)]
  0x0000021db6da3fd0 JavaThread "Cache worker for checksums cache (C:\Users\ASUS\Lintara\android\.gradle\8.14.3\checksums)"        [_thread_blocked, id=3996, stack(0x000000a095800000,0x000000a095900000) (1024K)]
  0x0000021db6da3940 JavaThread "Cache worker for file content cache (C:\Users\ASUS\.gradle\caches\8.14.3\fileContent)"        [_thread_blocked, id=41516, stack(0x000000a095900000,0x000000a095a00000) (1024K)]
  0x0000021db6da4660 JavaThread "jar transforms Thread 6"           [_thread_blocked, id=16896, stack(0x000000a095a00000,0x000000a095b00000) (1024K)]
  0x0000021db6da2c20 JavaThread "jar transforms Thread 7"           [_thread_blocked, id=10656, stack(0x000000a095600000,0x000000a095700000) (1024K)]
  0x0000021db6da1870 JavaThread "jar transforms Thread 8"           [_thread_blocked, id=55424, stack(0x000000a095700000,0x000000a095800000) (1024K)]
  0x0000021db6da2590 JavaThread "jar transforms Thread 9"           [_thread_blocked, id=33660, stack(0x000000a095b00000,0x000000a095c00000) (1024K)]
  0x0000021db6da1f00 JavaThread "jar transforms Thread 10"          [_thread_blocked, id=17584, stack(0x000000a095c00000,0x000000a095d00000) (1024K)]
  0x0000021db6da6730 JavaThread "jar transforms Thread 11"          [_thread_blocked, id=1832, stack(0x000000a095e00000,0x000000a095f00000) (1024K)]
  0x0000021db6da6dc0 JavaThread "jar transforms Thread 12"          [_thread_blocked, id=48228, stack(0x000000a095f00000,0x000000a096000000) (1024K)]
  0x0000021db6da4cf0 JavaThread "Cache worker for cache directory md-supplier (C:\Users\ASUS\.gradle\caches\8.14.3\md-supplier)"        [_thread_blocked, id=6804, stack(0x000000a096200000,0x000000a096300000) (1024K)]
  0x0000021db6da8800 JavaThread "Cache worker for cache directory md-rule (C:\Users\ASUS\.gradle\caches\8.14.3\md-rule)"        [_thread_blocked, id=52736, stack(0x000000a096300000,0x000000a096400000) (1024K)]
  0x0000021db6da60a0 JavaThread "Cache worker for Build Output Cleanup Cache (C:\Users\ASUS\Lintara\node_modules\@react-native\gradle-plugin\.gradle\buildOutputCleanup)"        [_thread_blocked, id=6980, stack(0x000000a096400000,0x000000a096500000) (1024K)]
  0x0000021db7923990 JavaThread "Unconstrained build operations"        [_thread_blocked, id=9652, stack(0x000000a096500000,0x000000a096600000) (1024K)]
  0x0000021db7926e10 JavaThread "Unconstrained build operations Thread 2"        [_thread_blocked, id=44464, stack(0x000000a096600000,0x000000a096700000) (1024K)]
  0x0000021db79274a0 JavaThread "Unconstrained build operations Thread 3"        [_thread_blocked, id=52696, stack(0x000000a096700000,0x000000a096800000) (1024K)]
  0x0000021db7924020 JavaThread "Unconstrained build operations Thread 4"        [_thread_blocked, id=55716, stack(0x000000a096800000,0x000000a096900000) (1024K)]
  0x0000021db7929c00 JavaThread "Unconstrained build operations Thread 5"        [_thread_blocked, id=12780, stack(0x000000a096900000,0x000000a096a00000) (1024K)]
  0x0000021db7928ee0 JavaThread "Unconstrained build operations Thread 6"        [_thread_blocked, id=11960, stack(0x000000a096a00000,0x000000a096b00000) (1024K)]
  0x0000021db792a920 JavaThread "Cache worker for Build Output Cleanup Cache (C:\Users\ASUS\Lintara\node_modules\expo-modules-autolinking\android\expo-gradle-plugin\.gradle\buildOutputCleanup)"        [_thread_blocked, id=24168, stack(0x000000a096b00000,0x000000a096c00000) (1024K)]
  0x0000021db6a13810 JavaThread "Unconstrained build operations Thread 7"        [_thread_blocked, id=54420, stack(0x000000a096c00000,0x000000a096d00000) (1024K)]
  0x0000021db6a15f70 JavaThread "Unconstrained build operations Thread 8"        [_thread_blocked, id=52580, stack(0x000000a096d00000,0x000000a096e00000) (1024K)]
  0x0000021db6a158e0 JavaThread "Unconstrained build operations Thread 9"        [_thread_blocked, id=3236, stack(0x000000a096e00000,0x000000a096f00000) (1024K)]
  0x0000021db6a12af0 JavaThread "Unconstrained build operations Thread 10"        [_thread_blocked, id=50812, stack(0x000000a096f00000,0x000000a097000000) (1024K)]
  0x0000021db6a16600 JavaThread "Unconstrained build operations Thread 11"        [_thread_blocked, id=53432, stack(0x000000a097000000,0x000000a097100000) (1024K)]
  0x0000021db6a13180 JavaThread "Unconstrained build operations Thread 12"        [_thread_blocked, id=32360, stack(0x000000a097100000,0x000000a097200000) (1024K)]
  0x0000021db6a19a80 JavaThread "Unconstrained build operations Thread 13"        [_thread_blocked, id=50868, stack(0x000000a097200000,0x000000a097300000) (1024K)]
  0x0000021db6a16c90 JavaThread "Unconstrained build operations Thread 14"        [_thread_blocked, id=56264, stack(0x000000a097300000,0x000000a097400000) (1024K)]
  0x0000021db6a17320 JavaThread "Unconstrained build operations Thread 15"        [_thread_blocked, id=55920, stack(0x000000a097400000,0x000000a097500000) (1024K)]
  0x0000021db6a179b0 JavaThread "Unconstrained build operations Thread 16"        [_thread_blocked, id=49240, stack(0x000000a097500000,0x000000a097600000) (1024K)]
  0x0000021db6a18040 JavaThread "Unconstrained build operations Thread 17"        [_thread_blocked, id=16056, stack(0x000000a097600000,0x000000a097700000) (1024K)]
  0x0000021db6a186d0 JavaThread "Unconstrained build operations Thread 18"        [_thread_blocked, id=51744, stack(0x000000a097700000,0x000000a097800000) (1024K)]
  0x0000021db6a18d60 JavaThread "Unconstrained build operations Thread 19"        [_thread_blocked, id=52060, stack(0x000000a097800000,0x000000a097900000) (1024K)]
  0x0000021db6a193f0 JavaThread "Unconstrained build operations Thread 20"        [_thread_blocked, id=17284, stack(0x000000a097900000,0x000000a097a00000) (1024K)]
  0x0000021db7f890e0 JavaThread "Unconstrained build operations Thread 21"        [_thread_blocked, id=40768, stack(0x000000a097a00000,0x000000a097b00000) (1024K)]
  0x0000021db7f89e00 JavaThread "Unconstrained build operations Thread 22"        [_thread_blocked, id=55916, stack(0x000000a097b00000,0x000000a097c00000) (1024K)]
  0x0000021db7f89770 JavaThread "Unconstrained build operations Thread 23"        [_thread_blocked, id=42980, stack(0x000000a097c00000,0x000000a097d00000) (1024K)]
  0x0000021db7f8bed0 JavaThread "Unconstrained build operations Thread 24"        [_thread_blocked, id=39804, stack(0x000000a097d00000,0x000000a097e00000) (1024K)]
  0x0000021db7f8a490 JavaThread "Unconstrained build operations Thread 25"        [_thread_blocked, id=12496, stack(0x000000a097e00000,0x000000a097f00000) (1024K)]
  0x0000021db7f8ab20 JavaThread "Unconstrained build operations Thread 26"        [_thread_blocked, id=12364, stack(0x000000a097f00000,0x000000a098000000) (1024K)]
  0x0000021db7f8b840 JavaThread "Unconstrained build operations Thread 27"        [_thread_blocked, id=53504, stack(0x000000a098000000,0x000000a098100000) (1024K)]
  0x0000021db7f88a50 JavaThread "Unconstrained build operations Thread 28"        [_thread_blocked, id=51104, stack(0x000000a098100000,0x000000a098200000) (1024K)]
  0x0000021db7f8dfa0 JavaThread "Unconstrained build operations Thread 29"        [_thread_blocked, id=50752, stack(0x000000a098200000,0x000000a098300000) (1024K)]
  0x0000021db7f8e630 JavaThread "Unconstrained build operations Thread 30"        [_thread_blocked, id=27028, stack(0x000000a098300000,0x000000a098400000) (1024K)]
  0x0000021db7f8b1b0 JavaThread "Unconstrained build operations Thread 31"        [_thread_blocked, id=21936, stack(0x000000a098400000,0x000000a098500000) (1024K)]
  0x0000021db7f8ecc0 JavaThread "Unconstrained build operations Thread 32"        [_thread_blocked, id=19956, stack(0x000000a098500000,0x000000a098600000) (1024K)]
  0x0000021db7f8f350 JavaThread "Unconstrained build operations Thread 33"        [_thread_blocked, id=2620, stack(0x000000a098600000,0x000000a098700000) (1024K)]
  0x0000021db7f8f9e0 JavaThread "Unconstrained build operations Thread 34"        [_thread_blocked, id=55960, stack(0x000000a098700000,0x000000a098800000) (1024K)]
  0x0000021db7f8c560 JavaThread "Unconstrained build operations Thread 35"        [_thread_blocked, id=44396, stack(0x000000a098800000,0x000000a098900000) (1024K)]
  0x0000021db7f8cbf0 JavaThread "Unconstrained build operations Thread 36"        [_thread_blocked, id=55068, stack(0x000000a098900000,0x000000a098a00000) (1024K)]
  0x0000021db7f8d280 JavaThread "Unconstrained build operations Thread 37"        [_thread_blocked, id=35792, stack(0x000000a098a00000,0x000000a098b00000) (1024K)]
  0x0000021db7f90070 JavaThread "Unconstrained build operations Thread 38"        [_thread_blocked, id=26896, stack(0x000000a098b00000,0x000000a098c00000) (1024K)]
  0x0000021db8282230 JavaThread "Unconstrained build operations Thread 39"        [_thread_blocked, id=42396, stack(0x000000a098c00000,0x000000a098d00000) (1024K)]
  0x0000021db8282f50 JavaThread "build event listener"              [_thread_blocked, id=52748, stack(0x000000a098e00000,0x000000a098f00000) (1024K)]
  0x0000021db82856b0 JavaThread "Memory manager"                    [_thread_blocked, id=54440, stack(0x000000a098d00000,0x000000a098e00000) (1024K)]
  0x0000021db7c17cc0 JavaThread "Unconstrained build operations Thread 40"        [_thread_blocked, id=32556, stack(0x000000a098f00000,0x000000a099000000) (1024K)]
  0x0000021db7c1aab0 JavaThread "Unconstrained build operations Thread 41"        [_thread_blocked, id=55764, stack(0x000000a099000000,0x000000a099100000) (1024K)]
  0x0000021db7c1b7d0 JavaThread "Unconstrained build operations Thread 42"        [_thread_blocked, id=52236, stack(0x000000a099100000,0x000000a099200000) (1024K)]
  0x0000021db7c18350 JavaThread "Unconstrained build operations Thread 43"        [_thread_blocked, id=53540, stack(0x000000a099200000,0x000000a099300000) (1024K)]
  0x0000021db7c1c4f0 JavaThread "Unconstrained build operations Thread 44"        [_thread_blocked, id=50164, stack(0x000000a099300000,0x000000a099400000) (1024K)]
  0x0000021db7c19700 JavaThread "Unconstrained build operations Thread 45"        [_thread_blocked, id=42384, stack(0x000000a099400000,0x000000a099500000) (1024K)]
  0x0000021db7c1b140 JavaThread "Unconstrained build operations Thread 46"        [_thread_blocked, id=50048, stack(0x000000a099500000,0x000000a099600000) (1024K)]
  0x0000021db7c1be60 JavaThread "Unconstrained build operations Thread 47"        [_thread_blocked, id=10896, stack(0x000000a099600000,0x000000a099700000) (1024K)]
  0x0000021db7c1cb80 JavaThread "Unconstrained build operations Thread 48"        [_thread_blocked, id=8188, stack(0x000000a099700000,0x000000a099800000) (1024K)]
  0x0000021db7c1d210 JavaThread "Unconstrained build operations Thread 49"        [_thread_blocked, id=56204, stack(0x000000a099800000,0x000000a099900000) (1024K)]
  0x0000021db7c19d90 JavaThread "Unconstrained build operations Thread 50"        [_thread_blocked, id=55240, stack(0x000000a099900000,0x000000a099a00000) (1024K)]
  0x0000021db7c1df30 JavaThread "build event listener"              [_thread_blocked, id=40320, stack(0x000000a099a00000,0x000000a099b00000) (1024K)]
  0x0000021db827fad0 JavaThread "Unconstrained build operations Thread 51"        [_thread_blocked, id=16892, stack(0x000000a099b00000,0x000000a099c00000) (1024K)]
  0x0000021db8f3b7c0 JavaThread "Unconstrained build operations Thread 52"        [_thread_blocked, id=32808, stack(0x000000a099c00000,0x000000a099d00000) (1024K)]
  0x0000021db8f3b130 JavaThread "Unconstrained build operations Thread 53"        [_thread_blocked, id=55648, stack(0x000000a099d00000,0x000000a099e00000) (1024K)]
  0x0000021db8f3be50 JavaThread "Unconstrained build operations Thread 54"        [_thread_blocked, id=36464, stack(0x000000a099e00000,0x000000a099f00000) (1024K)]
  0x0000021db8f3cb70 JavaThread "Unconstrained build operations Thread 55"        [_thread_blocked, id=30568, stack(0x000000a099f00000,0x000000a09a000000) (1024K)]
  0x0000021db8f3d200 JavaThread "Unconstrained build operations Thread 56"        [_thread_blocked, id=54408, stack(0x000000a09a000000,0x000000a09a100000) (1024K)]
  0x0000021db8f3aaa0 JavaThread "Unconstrained build operations Thread 57"        [_thread_blocked, id=23752, stack(0x000000a09a100000,0x000000a09a200000) (1024K)]
  0x0000021db8f3d890 JavaThread "Unconstrained build operations Thread 58"        [_thread_blocked, id=15400, stack(0x000000a09a200000,0x000000a09a300000) (1024K)]
  0x0000021db8f3a410 JavaThread "Unconstrained build operations Thread 59"        [_thread_blocked, id=35064, stack(0x000000a09a300000,0x000000a09a400000) (1024K)]
  0x0000021db8f3c4e0 JavaThread "Unconstrained build operations Thread 60"        [_thread_blocked, id=17700, stack(0x000000a09a400000,0x000000a09a500000) (1024K)]
  0x0000021db8f3f960 JavaThread "Unconstrained build operations Thread 61"        [_thread_blocked, id=31684, stack(0x000000a09a500000,0x000000a09a600000) (1024K)]
  0x0000021db8f3e5b0 JavaThread "Unconstrained build operations Thread 62"        [_thread_blocked, id=46020, stack(0x000000a09a600000,0x000000a09a700000) (1024K)]
  0x0000021db8f3ec40 JavaThread "Unconstrained build operations Thread 63"        [_thread_blocked, id=45972, stack(0x000000a09a700000,0x000000a09a800000) (1024K)]
  0x0000021db8f3df20 JavaThread "Unconstrained build operations Thread 64"        [_thread_blocked, id=37040, stack(0x000000a09a800000,0x000000a09a900000) (1024K)]
  0x0000021db8f40d10 JavaThread "Unconstrained build operations Thread 65"        [_thread_blocked, id=55260, stack(0x000000a09a900000,0x000000a09aa00000) (1024K)]
  0x0000021db8f413a0 JavaThread "Unconstrained build operations Thread 66"        [_thread_blocked, id=38692, stack(0x000000a09aa00000,0x000000a09ab00000) (1024K)]
  0x0000021db8f3f2d0 JavaThread "Unconstrained build operations Thread 67"        [_thread_blocked, id=53656, stack(0x000000a09ab00000,0x000000a09ac00000) (1024K)]
  0x0000021db8f41a30 JavaThread "Unconstrained build operations Thread 68"        [_thread_blocked, id=16460, stack(0x000000a09ac00000,0x000000a09ad00000) (1024K)]
  0x0000021db8f3fff0 JavaThread "Unconstrained build operations Thread 69"        [_thread_blocked, id=24032, stack(0x000000a09ad00000,0x000000a09ae00000) (1024K)]
  0x0000021db8f40680 JavaThread "Unconstrained build operations Thread 70"        [_thread_blocked, id=21720, stack(0x000000a09ae00000,0x000000a09af00000) (1024K)]
  0x0000021db859a560 JavaThread "Unconstrained build operations Thread 71"        [_thread_blocked, id=53664, stack(0x000000a09af00000,0x000000a09b000000) (1024K)]
  0x0000021db8599840 JavaThread "Unconstrained build operations Thread 72"        [_thread_blocked, id=43840, stack(0x000000a09b000000,0x000000a09b100000) (1024K)]
  0x0000021db859abf0 JavaThread "Unconstrained build operations Thread 73"        [_thread_blocked, id=42432, stack(0x000000a09b100000,0x000000a09b200000) (1024K)]
  0x0000021db8598490 JavaThread "Unconstrained build operations Thread 74"        [_thread_blocked, id=54732, stack(0x000000a09b200000,0x000000a09b300000) (1024K)]
  0x0000021db8598b20 JavaThread "ForkJoinPool.commonPool-worker-1" daemon [_thread_blocked, id=36200, stack(0x000000a092000000,0x000000a092100000) (1024K)]
  0x0000021db859d350 JavaThread "ForkJoinPool.commonPool-worker-2" daemon [_thread_blocked, id=54232, stack(0x000000a092100000,0x000000a092200000) (1024K)]
  0x0000021db859d9e0 JavaThread "ForkJoinPool.commonPool-worker-3" daemon [_thread_blocked, id=24420, stack(0x000000a092200000,0x000000a092300000) (1024K)]
  0x0000021db859e070 JavaThread "ForkJoinPool.commonPool-worker-4" daemon [_thread_blocked, id=41912, stack(0x000000a09b300000,0x000000a09b400000) (1024K)]
  0x0000021db859e700 JavaThread "ForkJoinPool.commonPool-worker-5" daemon [_thread_blocked, id=44132, stack(0x000000a09b400000,0x000000a09b500000) (1024K)]
  0x0000021db859ed90 JavaThread "ForkJoinPool.commonPool-worker-6" daemon [_thread_blocked, id=43948, stack(0x000000a09b500000,0x000000a09b600000) (1024K)]
  0x0000021db859f420 JavaThread "ForkJoinPool.commonPool-worker-7" daemon [_thread_blocked, id=53112, stack(0x000000a09b600000,0x000000a09b700000) (1024K)]
  0x0000021db859c630 JavaThread "ForkJoinPool.commonPool-worker-11" daemon [_thread_blocked, id=14316, stack(0x000000a09b700000,0x000000a09b800000) (1024K)]
  0x0000021db859ccc0 JavaThread "ForkJoinPool.commonPool-worker-8" daemon [_thread_blocked, id=30616, stack(0x000000a09b800000,0x000000a09b900000) (1024K)]
  0x0000021db8284990 JavaThread "ForkJoinPool.commonPool-worker-10" daemon [_thread_blocked, id=54104, stack(0x000000a09b900000,0x000000a09ba00000) (1024K)]
  0x0000021db8ae6e90 JavaThread "ForkJoinPool.commonPool-worker-9" daemon [_thread_blocked, id=34388, stack(0x000000a09ba00000,0x000000a09bb00000) (1024K)]
  0x0000021db8ae88d0 JavaThread "Exec process"                      [_thread_blocked, id=47416, stack(0x000000a09bb00000,0x000000a09bc00000) (1024K)]
  0x0000021db8ae8f60 JavaThread "Exec process Thread 2"             [_thread_blocked, id=31696, stack(0x000000a09bc00000,0x000000a09bd00000) (1024K)]
  0x0000021db8ae7bb0 JavaThread "Exec process Thread 3"             [_thread_blocked, id=50784, stack(0x000000a09bd00000,0x000000a09be00000) (1024K)]
  0x0000021db8ae6800 JavaThread "included builds"                   [_thread_in_vm, id=50580, stack(0x000000a09be00000,0x000000a09bf00000) (1024K)]
  0x0000021db8ae7520 JavaThread "included builds Thread 2"          [_thread_blocked, id=49584, stack(0x000000a09bf00000,0x000000a09c000000) (1024K)]
  0x0000021db8ae95f0 JavaThread "Execution worker"                  [_thread_blocked, id=54292, stack(0x000000a09c000000,0x000000a09c100000) (1024K)]
  0x0000021db8ae8240 JavaThread "Execution worker Thread 2"         [_thread_blocked, id=39372, stack(0x000000a09c100000,0x000000a09c200000) (1024K)]
  0x0000021db8ae6170 JavaThread "Execution worker Thread 3"         [_thread_blocked, id=21628, stack(0x000000a09c200000,0x000000a09c300000) (1024K)]
  0x0000021db8aea9a0 JavaThread "Execution worker Thread 4"         [_thread_blocked, id=29548, stack(0x000000a09c300000,0x000000a09c400000) (1024K)]
  0x0000021db8aea310 JavaThread "Execution worker Thread 5"         [_thread_blocked, id=53748, stack(0x000000a09c400000,0x000000a09c500000) (1024K)]
  0x0000021db8aed100 JavaThread "Execution worker Thread 6"         [_thread_blocked, id=45208, stack(0x000000a09c500000,0x000000a09c600000) (1024K)]
  0x0000021db8aec3e0 JavaThread "Execution worker Thread 7"         [_thread_blocked, id=21388, stack(0x000000a09c600000,0x000000a09c700000) (1024K)]
  0x0000021db8aeca70 JavaThread "Execution worker Thread 8"         [_thread_blocked, id=24236, stack(0x000000a09c700000,0x000000a09c800000) (1024K)]
  0x0000021db8ae9c80 JavaThread "Execution worker Thread 9"         [_thread_blocked, id=11760, stack(0x000000a09c800000,0x000000a09c900000) (1024K)]
  0x0000021db8aebd50 JavaThread "Execution worker Thread 10"        [_thread_blocked, id=26636, stack(0x000000a09c900000,0x000000a09ca00000) (1024K)]
  0x0000021db8aede20 JavaThread "Execution worker Thread 11"        [_thread_blocked, id=28964, stack(0x000000a09ca00000,0x000000a09cb00000) (1024K)]
  0x0000021db8aed790 JavaThread "Cache worker for execution history cache (C:\Users\ASUS\Lintara\node_modules\@react-native\gradle-plugin\.gradle\8.14.3\executionHistory)"        [_thread_blocked, id=56256, stack(0x000000a09cb00000,0x000000a09cc00000) (1024K)]
  0x0000021db8aee4b0 JavaThread "Cache worker for execution history cache (C:\Users\ASUS\Lintara\node_modules\expo-modules-autolinking\android\expo-gradle-plugin\.gradle\8.14.3\executionHistory)"        [_thread_blocked, id=17392, stack(0x000000a09cc00000,0x000000a09cd00000) (1024K)]
  0x0000021db9029cc0 JavaThread "Unconstrained build operations Thread 75"        [_thread_blocked, id=49416, stack(0x000000a09cd00000,0x000000a09ce00000) (1024K)]
  0x0000021db902a9e0 JavaThread "Unconstrained build operations Thread 76"        [_thread_blocked, id=41520, stack(0x000000a09ce00000,0x000000a09cf00000) (1024K)]
  0x0000021db902b070 JavaThread "Unconstrained build operations Thread 77"        [_thread_blocked, id=54168, stack(0x000000a09cf00000,0x000000a09d000000) (1024K)]
  0x0000021db902a350 JavaThread "Unconstrained build operations Thread 78"        [_thread_blocked, id=48832, stack(0x000000a09d000000,0x000000a09d100000) (1024K)]
  0x0000021db7848dc0 JavaThread "Unconstrained build operations Thread 79"        [_thread_blocked, id=53572, stack(0x000000a09d100000,0x000000a09d200000) (1024K)]
  0x0000021db7849450 JavaThread "Unconstrained build operations Thread 80"        [_thread_blocked, id=55412, stack(0x000000a09d200000,0x000000a09d300000) (1024K)]
  0x0000021db94c55c0 JavaThread "Unconstrained build operations Thread 81"        [_thread_blocked, id=16068, stack(0x000000a09d300000,0x000000a09d400000) (1024K)]
  0x0000021db94c48a0 JavaThread "Unconstrained build operations Thread 82"        [_thread_blocked, id=46960, stack(0x000000a09d400000,0x000000a09d500000) (1024K)]
  0x0000021db94c5c50 JavaThread "Unconstrained build operations Thread 83"        [_thread_blocked, id=1472, stack(0x000000a09d500000,0x000000a09d600000) (1024K)]
  0x0000021db94c2e60 JavaThread "Unconstrained build operations Thread 84"        [_thread_blocked, id=53320, stack(0x000000a09d600000,0x000000a09d700000) (1024K)]
  0x0000021db94c4f30 JavaThread "Unconstrained build operations Thread 85"        [_thread_blocked, id=13732, stack(0x000000a09d700000,0x000000a09d800000) (1024K)]
  0x0000021db94c62e0 JavaThread "Unconstrained build operations Thread 86"        [_thread_blocked, id=56084, stack(0x000000a09d800000,0x000000a09d900000) (1024K)]
  0x0000021db8aeeb40 JavaThread "Unconstrained build operations Thread 87"        [_thread_blocked, id=53324, stack(0x000000a09d900000,0x000000a09da00000) (1024K)]
  0x0000021db7dab6f0 JavaThread "Unconstrained build operations Thread 88"        [_thread_blocked, id=24752, stack(0x000000a09da00000,0x000000a09db00000) (1024K)]
  0x0000021db8aeb6c0 JavaThread "Unconstrained build operations Thread 89"        [_thread_blocked, id=52964, stack(0x000000a09db00000,0x000000a09dc00000) (1024K)]
  0x0000021db7dab060 JavaThread "Unconstrained build operations Thread 90"        [_thread_blocked, id=16080, stack(0x000000a09dc00000,0x000000a09dd00000) (1024K)]
  0x0000021db7dabd80 JavaThread "Unconstrained build operations Thread 91"        [_thread_blocked, id=54356, stack(0x000000a09dd00000,0x000000a09de00000) (1024K)]
  0x0000021db8af1930 JavaThread "Unconstrained build operations Thread 92"        [_thread_blocked, id=10740, stack(0x000000a09de00000,0x000000a09df00000) (1024K)]
  0x0000021db7dac410 JavaThread "Unconstrained build operations Thread 93"        [_thread_blocked, id=52752, stack(0x000000a09df00000,0x000000a09e000000) (1024K)]
  0x0000021db8af1fc0 JavaThread "Unconstrained build operations Thread 94"        [_thread_blocked, id=42776, stack(0x000000a09e000000,0x000000a09e100000) (1024K)]
  0x0000021db8708900 JavaThread "Unconstrained build operations Thread 95"        [_thread_blocked, id=42788, stack(0x000000a09e100000,0x000000a09e200000) (1024K)]
  0x0000021db8af2650 JavaThread "Unconstrained build operations Thread 96"        [_thread_blocked, id=35212, stack(0x000000a09e200000,0x000000a09e300000) (1024K)]
  0x0000021db8707be0 JavaThread "Unconstrained build operations Thread 97"        [_thread_blocked, id=47896, stack(0x000000a09e300000,0x000000a09e400000) (1024K)]
  0x0000021db8af0580 JavaThread "Unconstrained build operations Thread 98"        [_thread_blocked, id=30744, stack(0x000000a09e400000,0x000000a09e500000) (1024K)]
  0x0000021db8708270 JavaThread "Unconstrained build operations Thread 99"        [_thread_blocked, id=42184, stack(0x000000a09e500000,0x000000a09e600000) (1024K)]
  0x0000021db9c115d0 JavaThread "Unconstrained build operations Thread 100"        [_thread_blocked, id=12696, stack(0x000000a09e600000,0x000000a09e700000) (1024K)]
  0x0000021db8707550 JavaThread "Unconstrained build operations Thread 101"        [_thread_blocked, id=55420, stack(0x000000a09e700000,0x000000a09e800000) (1024K)]
  0x0000021db9c11c60 JavaThread "Unconstrained build operations Thread 102"        [_thread_blocked, id=51208, stack(0x000000a09e800000,0x000000a09e900000) (1024K)]
  0x0000021db9c108b0 JavaThread "Unconstrained build operations Thread 103"        [_thread_blocked, id=32660, stack(0x000000a09e900000,0x000000a09ea00000) (1024K)]
  0x0000021db7291b00 JavaThread "Unconstrained build operations Thread 104"        [_thread_blocked, id=45372, stack(0x000000a09ea00000,0x000000a09eb00000) (1024K)]
  0x0000021db9c10f40 JavaThread "Unconstrained build operations Thread 105"        [_thread_blocked, id=55152, stack(0x000000a09eb00000,0x000000a09ec00000) (1024K)]
  0x0000021db7292820 JavaThread "Unconstrained build operations Thread 106"        [_thread_blocked, id=32384, stack(0x000000a09ec00000,0x000000a09ed00000) (1024K)]
  0x0000021db94c34f0 JavaThread "Unconstrained build operations Thread 107"        [_thread_blocked, id=39456, stack(0x000000a09ed00000,0x000000a09ee00000) (1024K)]
  0x0000021db8406300 JavaThread "Unconstrained build operations Thread 108"        [_thread_blocked, id=23772, stack(0x000000a09ee00000,0x000000a09ef00000) (1024K)]
  0x0000021db94c3b80 JavaThread "Unconstrained build operations Thread 109"        [_thread_blocked, id=13052, stack(0x000000a09ef00000,0x000000a09f000000) (1024K)]
  0x0000021db8405c70 JavaThread "Unconstrained build operations Thread 110"        [_thread_blocked, id=25068, stack(0x000000a09f000000,0x000000a09f100000) (1024K)]
  0x0000021db94c4210 JavaThread "Unconstrained build operations Thread 111"        [_thread_blocked, id=36804, stack(0x000000a09f100000,0x000000a09f200000) (1024K)]
  0x0000021db8404f50 JavaThread "Unconstrained build operations Thread 112"        [_thread_blocked, id=8324, stack(0x000000a09f200000,0x000000a09f300000) (1024K)]
  0x0000021db84055e0 JavaThread "Unconstrained build operations Thread 113"        [_thread_blocked, id=42316, stack(0x000000a09f300000,0x000000a09f400000) (1024K)]
  0x0000021db79918e0 JavaThread "Unconstrained build operations Thread 114"        [_thread_blocked, id=20400, stack(0x000000a09f400000,0x000000a09f500000) (1024K)]
  0x0000021db545d550 JavaThread "Unconstrained build operations Thread 115"        [_thread_blocked, id=52888, stack(0x000000a09f500000,0x000000a09f600000) (1024K)]
  0x0000021db545e900 JavaThread "Unconstrained build operations Thread 116"        [_thread_blocked, id=6680, stack(0x000000a09f600000,0x000000a09f700000) (1024K)]
  0x0000021db545e270 JavaThread "Unconstrained build operations Thread 117"        [_thread_blocked, id=42748, stack(0x000000a09f700000,0x000000a09f800000) (1024K)]
  0x0000021db76db340 JavaThread "Unconstrained build operations Thread 118"        [_thread_blocked, id=28492, stack(0x000000a09f800000,0x000000a09f900000) (1024K)]
  0x0000021db76dacb0 JavaThread "Unconstrained build operations Thread 119"        [_thread_blocked, id=19696, stack(0x000000a09f900000,0x000000a09fa00000) (1024K)]
  0x0000021db76d9f90 JavaThread "Unconstrained build operations Thread 120"        [_thread_blocked, id=55292, stack(0x000000a09fa00000,0x000000a09fb00000) (1024K)]
  0x0000021db798f810 JavaThread "WorkerExecutor Queue"              [_thread_blocked, id=53092, stack(0x000000a09fb00000,0x000000a09fc00000) (1024K)]
  0x0000021db798e460 JavaThread "RMI Scheduler(0)"           daemon [_thread_blocked, id=51968, stack(0x000000a09fc00000,0x000000a09fd00000) (1024K)]
  0x0000021db798fea0 JavaThread "RMI RenewClean-[127.0.0.1:17776,org.jetbrains.kotlin.daemon.common.LoopbackNetworkInterface$ClientLoopbackSocketFactory@3e4c19a3]" daemon [_thread_blocked, id=52784, stack(0x000000a09fd00000,0x000000a09fe00000) (1024K)]
  0x0000021db7990530 JavaThread "RMI GC Daemon"              daemon [_thread_blocked, id=33984, stack(0x000000a09fe00000,0x000000a09ff00000) (1024K)]
  0x0000021db7990bc0 JavaThread "RMI TCP Accept-0"           daemon [_thread_in_native, id=27432, stack(0x000000a09ff00000,0x000000a0a0000000) (1024K)]
  0x0000021db798f180 JavaThread "RMI Reaper"                        [_thread_blocked, id=53944, stack(0x000000a0a0000000,0x000000a0a0100000) (1024K)]
  0x0000021db97caaa0 JavaThread "RMI TCP Connection(2)-127.0.0.1" daemon [_thread_in_native, id=15392, stack(0x000000a0a0100000,0x000000a0a0200000) (1024K)]
Total: 205

Other Threads:
  0x0000021d94353f10 VMThread "VM Thread"                           [id=16076, stack(0x000000a092a00000,0x000000a092b00000) (1024K)]
  0x0000021d9433e5b0 WatcherThread "VM Periodic Task Thread"        [id=55124, stack(0x000000a092900000,0x000000a092a00000) (1024K)]
  0x0000021df707ae30 WorkerThread "GC Thread#0"                     [id=53272, stack(0x000000a092400000,0x000000a092500000) (1024K)]
  0x0000021d947901e0 WorkerThread "GC Thread#1"                     [id=42504, stack(0x000000a093500000,0x000000a093600000) (1024K)]
  0x0000021d94a0c5b0 WorkerThread "GC Thread#2"                     [id=54676, stack(0x000000a093600000,0x000000a093700000) (1024K)]
  0x0000021d94a68e40 WorkerThread "GC Thread#3"                     [id=52796, stack(0x000000a093700000,0x000000a093800000) (1024K)]
  0x0000021db4332a90 WorkerThread "GC Thread#4"                     [id=53596, stack(0x000000a093800000,0x000000a093900000) (1024K)]
  0x0000021db4332e40 WorkerThread "GC Thread#5"                     [id=55984, stack(0x000000a093900000,0x000000a093a00000) (1024K)]
  0x0000021db4166bc0 WorkerThread "GC Thread#6"                     [id=41500, stack(0x000000a094400000,0x000000a094500000) (1024K)]
  0x0000021db523c430 WorkerThread "GC Thread#7"                     [id=21244, stack(0x000000a094500000,0x000000a094600000) (1024K)]
  0x0000021db523d6a0 WorkerThread "GC Thread#8"                     [id=53380, stack(0x000000a094600000,0x000000a094700000) (1024K)]
  0x0000021db523de00 WorkerThread "GC Thread#9"                     [id=38688, stack(0x000000a094700000,0x000000a094800000) (1024K)]
  0x0000021df708fda0 ConcurrentGCThread "G1 Main Marker"            [id=42652, stack(0x000000a092500000,0x000000a092600000) (1024K)]
  0x0000021df7091380 WorkerThread "G1 Conc#0"                       [id=54500, stack(0x000000a092600000,0x000000a092700000) (1024K)]
  0x0000021db523f420 WorkerThread "G1 Conc#1"                       [id=35220, stack(0x000000a094b00000,0x000000a094c00000) (1024K)]
  0x0000021db523bcd0 WorkerThread "G1 Conc#2"                       [id=50884, stack(0x000000a094c00000,0x000000a094d00000) (1024K)]
  0x0000021d94208660 ConcurrentGCThread "G1 Refine#0"               [id=50088, stack(0x000000a092700000,0x000000a092800000) (1024K)]
  0x0000021d9420afa0 ConcurrentGCThread "G1 Service"                [id=36128, stack(0x000000a092800000,0x000000a092900000) (1024K)]
Total: 18

Threads with active compile tasks:
C2 CompilerThread0  104116 12967       4       java.io.ObjectOutputStream::writeClassDesc (60 bytes)
Total: 1

VM state: not at safepoint (normal execution)

VM Mutex/Monitor currently owned by a thread:  ([mutex/lock_event])
[0x00007fffac563810] CodeCache_lock - owner thread: 0x0000021db8ae6800

Heap address: 0x0000000080000000, size: 2048 MB, Compressed Oops mode: 32-bit

CDS archive(s) mapped at: [0x0000021d95000000-0x0000021d95d70000-0x0000021d95d70000), size 14090240, SharedBaseAddress: 0x0000021d95000000, ArchiveRelocationMode: 1.
Compressed class space mapped at: 0x0000021d96000000-0x0000021db0000000, reserved size: 436207616
Narrow klass base: 0x0000021d95000000, Narrow klass shift: 0, Narrow klass range: 0x1b000000

GC Precious Log:
 CardTable entry size: 512
 Card Set container configuration: InlinePtr #cards 5 size 8 Array Of Cards #cards 10 size 36 Howl #buckets 4 coarsen threshold 1843 Howl Bitmap #cards 512 size 80 coarsen threshold 460 Card regions per heap region 1 cards per card region 2048
 CPUs: 12 total, 12 available
 Memory: 7597M
 Large Page Support: Disabled
 NUMA Support: Disabled
 Compressed Oops: Enabled (32-bit)
 Heap Region Size: 1M
 Heap Min Capacity: 8M
 Heap Initial Capacity: 120M
 Heap Max Capacity: 2G
 Pre-touch: Disabled
 Parallel Workers: 10
 Concurrent Workers: 3
 Concurrent Refinement Workers: 10
 Periodic GC: Disabled

Heap:
 garbage-first heap   total reserved 2097152K, committed 153600K, used 115122K [0x0000000080000000, 0x0000000100000000)
  region size 1024K, 30 young (30720K), 5 survivors (5120K)
 Metaspace       used 91119K, committed 93696K, reserved 557056K
  class space    used 13376K, committed 14592K, reserved 425984K

Heap Regions: E=young(eden), S=young(survivor), O=old, HS=humongous(starts), HC=humongous(continues), CS=collection set, F=free, TAMS=top-at-mark-start, PB=parsable bottom
|   0|0x0000000080000000, 0x0000000080100000, 0x0000000080100000|100%|HS|  |TAMS 0x0000000080000000| PB 0x0000000080000000| Complete |  0
|   1|0x0000000080100000, 0x0000000080200000, 0x0000000080200000|100%|HC|  |TAMS 0x0000000080100000| PB 0x0000000080100000| Complete |  0
|   2|0x0000000080200000, 0x0000000080300000, 0x0000000080300000|100%|HC|  |TAMS 0x0000000080200000| PB 0x0000000080200000| Complete |  0
|   3|0x0000000080300000, 0x0000000080400000, 0x0000000080400000|100%| O|  |TAMS 0x0000000080300000| PB 0x0000000080300000| Untracked |  0
|   4|0x0000000080400000, 0x0000000080500000, 0x0000000080500000|100%| O|  |TAMS 0x0000000080400000| PB 0x0000000080400000| Untracked |  0
|   5|0x0000000080500000, 0x0000000080600000, 0x0000000080600000|100%| O|  |TAMS 0x0000000080500000| PB 0x0000000080500000| Untracked |  0
|   6|0x0000000080600000, 0x0000000080700000, 0x0000000080700000|100%| O|  |TAMS 0x0000000080600000| PB 0x0000000080600000| Untracked |  0
|   7|0x0000000080700000, 0x0000000080800000, 0x0000000080800000|100%| O|  |TAMS 0x0000000080700000| PB 0x0000000080700000| Untracked |  0
|   8|0x0000000080800000, 0x0000000080900000, 0x0000000080900000|100%| O|  |TAMS 0x0000000080800000| PB 0x0000000080800000| Untracked |  0
|   9|0x0000000080900000, 0x0000000080a00000, 0x0000000080a00000|100%| O|  |TAMS 0x0000000080900000| PB 0x0000000080900000| Untracked |  0
|  10|0x0000000080a00000, 0x0000000080b00000, 0x0000000080b00000|100%| O|  |TAMS 0x0000000080a00000| PB 0x0000000080a00000| Untracked |  0
|  11|0x0000000080b00000, 0x0000000080c00000, 0x0000000080c00000|100%|HS|  |TAMS 0x0000000080b00000| PB 0x0000000080b00000| Complete |  0
|  12|0x0000000080c00000, 0x0000000080d00000, 0x0000000080d00000|100%| O|  |TAMS 0x0000000080c00000| PB 0x0000000080c00000| Untracked |  0
|  13|0x0000000080d00000, 0x0000000080e00000, 0x0000000080e00000|100%| O|  |TAMS 0x0000000080d00000| PB 0x0000000080d00000| Untracked |  0
|  14|0x0000000080e00000, 0x0000000080f00000, 0x0000000080f00000|100%| O|  |TAMS 0x0000000080e00000| PB 0x0000000080e00000| Untracked |  0
|  15|0x0000000080f00000, 0x0000000081000000, 0x0000000081000000|100%| O|  |TAMS 0x0000000080f00000| PB 0x0000000080f00000| Untracked |  0
|  16|0x0000000081000000, 0x0000000081100000, 0x0000000081100000|100%| O|  |TAMS 0x0000000081000000| PB 0x0000000081000000| Untracked |  0
|  17|0x0000000081100000, 0x0000000081200000, 0x0000000081200000|100%| O|  |TAMS 0x0000000081100000| PB 0x0000000081100000| Untracked |  0
|  18|0x0000000081200000, 0x0000000081300000, 0x0000000081300000|100%| O|  |TAMS 0x0000000081200000| PB 0x0000000081200000| Untracked |  0
|  19|0x0000000081300000, 0x0000000081400000, 0x0000000081400000|100%| O|  |TAMS 0x0000000081300000| PB 0x0000000081300000| Untracked |  0
|  20|0x0000000081400000, 0x0000000081500000, 0x0000000081500000|100%| O|  |TAMS 0x0000000081400000| PB 0x0000000081400000| Untracked |  0
|  21|0x0000000081500000, 0x0000000081600000, 0x0000000081600000|100%| O|  |TAMS 0x0000000081500000| PB 0x0000000081500000| Untracked |  0
|  22|0x0000000081600000, 0x0000000081700000, 0x0000000081700000|100%| O|  |TAMS 0x0000000081600000| PB 0x0000000081600000| Untracked |  0
|  23|0x0000000081700000, 0x0000000081800000, 0x0000000081800000|100%| O|  |TAMS 0x0000000081700000| PB 0x0000000081700000| Untracked |  0
|  24|0x0000000081800000, 0x0000000081900000, 0x0000000081900000|100%| O|  |TAMS 0x0000000081800000| PB 0x0000000081800000| Untracked |  0
|  25|0x0000000081900000, 0x0000000081a00000, 0x0000000081a00000|100%| O|  |TAMS 0x0000000081900000| PB 0x0000000081900000| Untracked |  0
|  26|0x0000000081a00000, 0x0000000081b00000, 0x0000000081b00000|100%| O|  |TAMS 0x0000000081a00000| PB 0x0000000081a00000| Untracked |  0
|  27|0x0000000081b00000, 0x0000000081c00000, 0x0000000081c00000|100%| O|  |TAMS 0x0000000081b00000| PB 0x0000000081b00000| Untracked |  0
|  28|0x0000000081c00000, 0x0000000081d00000, 0x0000000081d00000|100%| O|  |TAMS 0x0000000081c00000| PB 0x0000000081c00000| Untracked |  0
|  29|0x0000000081d00000, 0x0000000081e00000, 0x0000000081e00000|100%| O|  |TAMS 0x0000000081d00000| PB 0x0000000081d00000| Untracked |  0
|  30|0x0000000081e00000, 0x0000000081f00000, 0x0000000081f00000|100%| O|  |TAMS 0x0000000081e00000| PB 0x0000000081e00000| Untracked |  0
|  31|0x0000000081f00000, 0x0000000082000000, 0x0000000082000000|100%| O|  |TAMS 0x0000000081f00000| PB 0x0000000081f00000| Untracked |  0
|  32|0x0000000082000000, 0x0000000082100000, 0x0000000082100000|100%| O|  |TAMS 0x0000000082000000| PB 0x0000000082000000| Untracked |  0
|  33|0x0000000082100000, 0x0000000082200000, 0x0000000082200000|100%| O|  |TAMS 0x0000000082100000| PB 0x0000000082100000| Untracked |  0
|  34|0x0000000082200000, 0x0000000082300000, 0x0000000082300000|100%| O|  |TAMS 0x0000000082200000| PB 0x0000000082200000| Untracked |  0
|  35|0x0000000082300000, 0x0000000082400000, 0x0000000082400000|100%| O|  |TAMS 0x0000000082300000| PB 0x0000000082300000| Untracked |  0
|  36|0x0000000082400000, 0x0000000082500000, 0x0000000082500000|100%| O|  |TAMS 0x0000000082400000| PB 0x0000000082400000| Untracked |  0
|  37|0x0000000082500000, 0x0000000082600000, 0x0000000082600000|100%| O|  |TAMS 0x0000000082500000| PB 0x0000000082500000| Untracked |  0
|  38|0x0000000082600000, 0x0000000082700000, 0x0000000082700000|100%| O|  |TAMS 0x0000000082600000| PB 0x0000000082600000| Untracked |  0
|  39|0x0000000082700000, 0x0000000082800000, 0x0000000082800000|100%| O|  |TAMS 0x0000000082700000| PB 0x0000000082700000| Untracked |  0
|  40|0x0000000082800000, 0x0000000082900000, 0x0000000082900000|100%| O|  |TAMS 0x0000000082800000| PB 0x0000000082800000| Untracked |  0
|  41|0x0000000082900000, 0x0000000082a00000, 0x0000000082a00000|100%| O|  |TAMS 0x0000000082900000| PB 0x0000000082900000| Untracked |  0
|  42|0x0000000082a00000, 0x0000000082b00000, 0x0000000082b00000|100%| O|  |TAMS 0x0000000082a00000| PB 0x0000000082a00000| Untracked |  0
|  43|0x0000000082b00000, 0x0000000082c00000, 0x0000000082c00000|100%| O|  |TAMS 0x0000000082b00000| PB 0x0000000082b00000| Untracked |  0
|  44|0x0000000082c00000, 0x0000000082d00000, 0x0000000082d00000|100%| O|  |TAMS 0x0000000082c00000| PB 0x0000000082c00000| Untracked |  0
|  45|0x0000000082d00000, 0x0000000082e00000, 0x0000000082e00000|100%| O|  |TAMS 0x0000000082d00000| PB 0x0000000082d00000| Untracked |  0
|  46|0x0000000082e00000, 0x0000000082f00000, 0x0000000082f00000|100%| O|  |TAMS 0x0000000082e00000| PB 0x0000000082e00000| Untracked |  0
|  47|0x0000000082f00000, 0x0000000083000000, 0x0000000083000000|100%| O|  |TAMS 0x0000000082f00000| PB 0x0000000082f00000| Untracked |  0
|  48|0x0000000083000000, 0x0000000083100000, 0x0000000083100000|100%| O|  |TAMS 0x0000000083000000| PB 0x0000000083000000| Untracked |  0
|  49|0x0000000083100000, 0x0000000083200000, 0x0000000083200000|100%| O|  |TAMS 0x0000000083100000| PB 0x0000000083100000| Untracked |  0
|  50|0x0000000083200000, 0x0000000083300000, 0x0000000083300000|100%|HS|  |TAMS 0x0000000083200000| PB 0x0000000083200000| Complete |  0
|  51|0x0000000083300000, 0x0000000083400000, 0x0000000083400000|100%|HC|  |TAMS 0x0000000083300000| PB 0x0000000083300000| Complete |  0
|  52|0x0000000083400000, 0x0000000083500000, 0x0000000083500000|100%|HC|  |TAMS 0x0000000083400000| PB 0x0000000083400000| Complete |  0
|  53|0x0000000083500000, 0x0000000083600000, 0x0000000083600000|100%|HS|  |TAMS 0x0000000083500000| PB 0x0000000083500000| Complete |  0
|  54|0x0000000083600000, 0x0000000083700000, 0x0000000083700000|100%|HC|  |TAMS 0x0000000083600000| PB 0x0000000083600000| Complete |  0
|  55|0x0000000083700000, 0x0000000083800000, 0x0000000083800000|100%|HC|  |TAMS 0x0000000083700000| PB 0x0000000083700000| Complete |  0
|  56|0x0000000083800000, 0x0000000083900000, 0x0000000083900000|100%| O|  |TAMS 0x0000000083800000| PB 0x0000000083800000| Untracked |  0
|  57|0x0000000083900000, 0x0000000083a00000, 0x0000000083a00000|100%| O|  |TAMS 0x0000000083900000| PB 0x0000000083900000| Untracked |  0
|  58|0x0000000083a00000, 0x0000000083b00000, 0x0000000083b00000|100%| O|  |TAMS 0x0000000083a00000| PB 0x0000000083a00000| Untracked |  0
|  59|0x0000000083b00000, 0x0000000083c00000, 0x0000000083c00000|100%| O|  |TAMS 0x0000000083b00000| PB 0x0000000083b00000| Untracked |  0
|  60|0x0000000083c00000, 0x0000000083d00000, 0x0000000083d00000|100%| O|Cm|TAMS 0x0000000083c00000| PB 0x0000000083c00000| Complete |  0
|  61|0x0000000083d00000, 0x0000000083e00000, 0x0000000083e00000|100%| O|  |TAMS 0x0000000083d00000| PB 0x0000000083d00000| Untracked |  0
|  62|0x0000000083e00000, 0x0000000083f00000, 0x0000000083f00000|100%| O|Cm|TAMS 0x0000000083e00000| PB 0x0000000083e00000| Complete |  0
|  63|0x0000000083f00000, 0x0000000084000000, 0x0000000084000000|100%| O|  |TAMS 0x0000000083f00000| PB 0x0000000083f00000| Untracked |  0
|  64|0x0000000084000000, 0x0000000084100000, 0x0000000084100000|100%| O|  |TAMS 0x0000000084000000| PB 0x0000000084000000| Untracked |  0
|  65|0x0000000084100000, 0x0000000084200000, 0x0000000084200000|100%| O|  |TAMS 0x0000000084100000| PB 0x0000000084100000| Untracked |  0
|  66|0x0000000084200000, 0x0000000084300000, 0x0000000084300000|100%| O|  |TAMS 0x0000000084200000| PB 0x0000000084200000| Untracked |  0
|  67|0x0000000084300000, 0x0000000084400000, 0x0000000084400000|100%| O|  |TAMS 0x0000000084300000| PB 0x0000000084300000| Untracked |  0
|  68|0x0000000084400000, 0x0000000084500000, 0x0000000084500000|100%| O|  |TAMS 0x0000000084400000| PB 0x0000000084400000| Untracked |  0
|  69|0x0000000084500000, 0x0000000084600000, 0x0000000084600000|100%| O|  |TAMS 0x0000000084500000| PB 0x0000000084500000| Untracked |  0
|  70|0x0000000084600000, 0x0000000084700000, 0x0000000084700000|100%| O|  |TAMS 0x0000000084600000| PB 0x0000000084600000| Untracked |  0
|  71|0x0000000084700000, 0x0000000084800000, 0x0000000084800000|100%| O|  |TAMS 0x0000000084700000| PB 0x0000000084700000| Untracked |  0
|  72|0x0000000084800000, 0x0000000084900000, 0x0000000084900000|100%| O|  |TAMS 0x0000000084800000| PB 0x0000000084800000| Untracked |  0
|  73|0x0000000084900000, 0x0000000084a00000, 0x0000000084a00000|100%| O|  |TAMS 0x0000000084900000| PB 0x0000000084900000| Untracked |  0
|  74|0x0000000084a00000, 0x0000000084b00000, 0x0000000084b00000|100%| O|  |TAMS 0x0000000084a00000| PB 0x0000000084a00000| Untracked |  0
|  75|0x0000000084b00000, 0x0000000084c00000, 0x0000000084c00000|100%| O|  |TAMS 0x0000000084b00000| PB 0x0000000084b00000| Untracked |  0
|  76|0x0000000084c00000, 0x0000000084d00000, 0x0000000084d00000|100%| O|  |TAMS 0x0000000084c00000| PB 0x0000000084c00000| Untracked |  0
|  77|0x0000000084d00000, 0x0000000084e00000, 0x0000000084e00000|100%| O|Cm|TAMS 0x0000000084d00000| PB 0x0000000084d00000| Complete |  0
|  78|0x0000000084e00000, 0x0000000084f00000, 0x0000000084f00000|100%| O|Cm|TAMS 0x0000000084e00000| PB 0x0000000084e00000| Complete |  0
|  79|0x0000000084f00000, 0x0000000085000000, 0x0000000085000000|100%| O|  |TAMS 0x0000000084f00000| PB 0x0000000084f00000| Untracked |  0
|  80|0x0000000085000000, 0x0000000085100000, 0x0000000085100000|100%| O|  |TAMS 0x0000000085000000| PB 0x0000000085000000| Untracked |  0
|  81|0x0000000085100000, 0x0000000085200000, 0x0000000085200000|100%| O|  |TAMS 0x0000000085100000| PB 0x0000000085100000| Untracked |  0
|  82|0x0000000085200000, 0x0000000085300000, 0x0000000085300000|100%| O|  |TAMS 0x0000000085200000| PB 0x0000000085200000| Untracked |  0
|  83|0x0000000085300000, 0x00000000853d3a28, 0x0000000085400000| 82%| O|  |TAMS 0x0000000085300000| PB 0x0000000085300000| Untracked |  0
|  84|0x0000000085400000, 0x0000000085400000, 0x0000000085500000|  0%| F|  |TAMS 0x0000000085400000| PB 0x0000000085400000| Untracked |  0
|  85|0x0000000085500000, 0x0000000085500000, 0x0000000085600000|  0%| F|  |TAMS 0x0000000085500000| PB 0x0000000085500000| Untracked |  0
|  86|0x0000000085600000, 0x0000000085600000, 0x0000000085700000|  0%| F|  |TAMS 0x0000000085600000| PB 0x0000000085600000| Untracked |  0
|  87|0x0000000085700000, 0x0000000085700000, 0x0000000085800000|  0%| F|  |TAMS 0x0000000085700000| PB 0x0000000085700000| Untracked |  0
|  88|0x0000000085800000, 0x0000000085800000, 0x0000000085900000|  0%| F|  |TAMS 0x0000000085800000| PB 0x0000000085800000| Untracked |  0
|  89|0x0000000085900000, 0x0000000085900000, 0x0000000085a00000|  0%| F|  |TAMS 0x0000000085900000| PB 0x0000000085900000| Untracked |  0
|  90|0x0000000085a00000, 0x0000000085a00000, 0x0000000085b00000|  0%| F|  |TAMS 0x0000000085a00000| PB 0x0000000085a00000| Untracked |  0
|  91|0x0000000085b00000, 0x0000000085b00000, 0x0000000085c00000|  0%| F|  |TAMS 0x0000000085b00000| PB 0x0000000085b00000| Untracked |  0
|  92|0x0000000085c00000, 0x0000000085c00000, 0x0000000085d00000|  0%| F|  |TAMS 0x0000000085c00000| PB 0x0000000085c00000| Untracked |  0
|  93|0x0000000085d00000, 0x0000000085d98e80, 0x0000000085e00000| 59%| S|CS|TAMS 0x0000000085d00000| PB 0x0000000085d00000| Complete |  0
|  94|0x0000000085e00000, 0x0000000085f00000, 0x0000000085f00000|100%| S|CS|TAMS 0x0000000085e00000| PB 0x0000000085e00000| Complete |  0
|  95|0x0000000085f00000, 0x0000000086000000, 0x0000000086000000|100%| S|CS|TAMS 0x0000000085f00000| PB 0x0000000085f00000| Complete |  0
|  96|0x0000000086000000, 0x0000000086100000, 0x0000000086100000|100%| S|CS|TAMS 0x0000000086000000| PB 0x0000000086000000| Complete |  0
|  97|0x0000000086100000, 0x0000000086200000, 0x0000000086200000|100%| S|CS|TAMS 0x0000000086100000| PB 0x0000000086100000| Complete |  0
|  98|0x0000000086200000, 0x0000000086200000, 0x0000000086300000|  0%| F|  |TAMS 0x0000000086200000| PB 0x0000000086200000| Untracked |  0
|  99|0x0000000086300000, 0x0000000086300000, 0x0000000086400000|  0%| F|  |TAMS 0x0000000086300000| PB 0x0000000086300000| Untracked |  0
| 100|0x0000000086400000, 0x0000000086400000, 0x0000000086500000|  0%| F|  |TAMS 0x0000000086400000| PB 0x0000000086400000| Untracked |  0
| 101|0x0000000086500000, 0x0000000086500000, 0x0000000086600000|  0%| F|  |TAMS 0x0000000086500000| PB 0x0000000086500000| Untracked |  0
| 102|0x0000000086600000, 0x0000000086600000, 0x0000000086700000|  0%| F|  |TAMS 0x0000000086600000| PB 0x0000000086600000| Untracked |  0
| 103|0x0000000086700000, 0x0000000086700000, 0x0000000086800000|  0%| F|  |TAMS 0x0000000086700000| PB 0x0000000086700000| Untracked |  0
| 104|0x0000000086800000, 0x0000000086800000, 0x0000000086900000|  0%| F|  |TAMS 0x0000000086800000| PB 0x0000000086800000| Untracked |  0
| 105|0x0000000086900000, 0x0000000086900000, 0x0000000086a00000|  0%| F|  |TAMS 0x0000000086900000| PB 0x0000000086900000| Untracked |  0
| 106|0x0000000086a00000, 0x0000000086a00000, 0x0000000086b00000|  0%| F|  |TAMS 0x0000000086a00000| PB 0x0000000086a00000| Untracked |  0
| 107|0x0000000086b00000, 0x0000000086b00000, 0x0000000086c00000|  0%| F|  |TAMS 0x0000000086b00000| PB 0x0000000086b00000| Untracked |  0
| 108|0x0000000086c00000, 0x0000000086c00000, 0x0000000086d00000|  0%| F|  |TAMS 0x0000000086c00000| PB 0x0000000086c00000| Untracked |  0
| 109|0x0000000086d00000, 0x0000000086d00000, 0x0000000086e00000|  0%| F|  |TAMS 0x0000000086d00000| PB 0x0000000086d00000| Untracked |  0
| 110|0x0000000086e00000, 0x0000000086e00000, 0x0000000086f00000|  0%| F|  |TAMS 0x0000000086e00000| PB 0x0000000086e00000| Untracked |  0
| 111|0x0000000086f00000, 0x0000000086f00000, 0x0000000087000000|  0%| F|  |TAMS 0x0000000086f00000| PB 0x0000000086f00000| Untracked |  0
| 112|0x0000000087000000, 0x0000000087000000, 0x0000000087100000|  0%| F|  |TAMS 0x0000000087000000| PB 0x0000000087000000| Untracked |  0
| 113|0x0000000087100000, 0x0000000087100000, 0x0000000087200000|  0%| F|  |TAMS 0x0000000087100000| PB 0x0000000087100000| Untracked |  0
| 114|0x0000000087200000, 0x0000000087200000, 0x0000000087300000|  0%| F|  |TAMS 0x0000000087200000| PB 0x0000000087200000| Untracked |  0
| 115|0x0000000087300000, 0x0000000087300000, 0x0000000087400000|  0%| F|  |TAMS 0x0000000087300000| PB 0x0000000087300000| Untracked |  0
| 116|0x0000000087400000, 0x0000000087400000, 0x0000000087500000|  0%| F|  |TAMS 0x0000000087400000| PB 0x0000000087400000| Untracked |  0
| 117|0x0000000087500000, 0x0000000087500000, 0x0000000087600000|  0%| F|  |TAMS 0x0000000087500000| PB 0x0000000087500000| Untracked |  0
| 118|0x0000000087600000, 0x0000000087600000, 0x0000000087700000|  0%| F|  |TAMS 0x0000000087600000| PB 0x0000000087600000| Untracked |  0
| 119|0x0000000087700000, 0x0000000087700000, 0x0000000087800000|  0%| F|  |TAMS 0x0000000087700000| PB 0x0000000087700000| Untracked |  0
| 120|0x0000000087800000, 0x0000000087800000, 0x0000000087900000|  0%| F|  |TAMS 0x0000000087800000| PB 0x0000000087800000| Untracked |  0
| 121|0x0000000087900000, 0x0000000087900000, 0x0000000087a00000|  0%| F|  |TAMS 0x0000000087900000| PB 0x0000000087900000| Untracked |  0
| 122|0x0000000087a00000, 0x0000000087a00000, 0x0000000087b00000|  0%| F|  |TAMS 0x0000000087a00000| PB 0x0000000087a00000| Untracked |  0
| 123|0x0000000087b00000, 0x0000000087b00000, 0x0000000087c00000|  0%| F|  |TAMS 0x0000000087b00000| PB 0x0000000087b00000| Untracked |  0
| 124|0x0000000087c00000, 0x0000000087d00000, 0x0000000087d00000|100%| E|  |TAMS 0x0000000087c00000| PB 0x0000000087c00000| Complete |  0
| 125|0x0000000087d00000, 0x0000000087e00000, 0x0000000087e00000|100%| E|CS|TAMS 0x0000000087d00000| PB 0x0000000087d00000| Complete |  0
| 126|0x0000000087e00000, 0x0000000087f00000, 0x0000000087f00000|100%| E|  |TAMS 0x0000000087e00000| PB 0x0000000087e00000| Complete |  0
| 127|0x0000000087f00000, 0x0000000088000000, 0x0000000088000000|100%| E|CS|TAMS 0x0000000087f00000| PB 0x0000000087f00000| Complete |  0
| 128|0x0000000088000000, 0x0000000088100000, 0x0000000088100000|100%| E|CS|TAMS 0x0000000088000000| PB 0x0000000088000000| Complete |  0
| 129|0x0000000088100000, 0x0000000088200000, 0x0000000088200000|100%| E|CS|TAMS 0x0000000088100000| PB 0x0000000088100000| Complete |  0
| 130|0x0000000088200000, 0x0000000088300000, 0x0000000088300000|100%| E|CS|TAMS 0x0000000088200000| PB 0x0000000088200000| Complete |  0
| 131|0x0000000088300000, 0x0000000088400000, 0x0000000088400000|100%| E|CS|TAMS 0x0000000088300000| PB 0x0000000088300000| Complete |  0
| 132|0x0000000088400000, 0x0000000088500000, 0x0000000088500000|100%| E|CS|TAMS 0x0000000088400000| PB 0x0000000088400000| Complete |  0
| 133|0x0000000088500000, 0x0000000088600000, 0x0000000088600000|100%| E|CS|TAMS 0x0000000088500000| PB 0x0000000088500000| Complete |  0
| 134|0x0000000088600000, 0x0000000088700000, 0x0000000088700000|100%| E|CS|TAMS 0x0000000088600000| PB 0x0000000088600000| Complete |  0
| 135|0x0000000088700000, 0x0000000088800000, 0x0000000088800000|100%| E|CS|TAMS 0x0000000088700000| PB 0x0000000088700000| Complete |  0
| 136|0x0000000088800000, 0x0000000088900000, 0x0000000088900000|100%| E|CS|TAMS 0x0000000088800000| PB 0x0000000088800000| Complete |  0
| 137|0x0000000088900000, 0x0000000088a00000, 0x0000000088a00000|100%| E|CS|TAMS 0x0000000088900000| PB 0x0000000088900000| Complete |  0
| 138|0x0000000088a00000, 0x0000000088b00000, 0x0000000088b00000|100%| E|CS|TAMS 0x0000000088a00000| PB 0x0000000088a00000| Complete |  0
| 139|0x0000000088b00000, 0x0000000088c00000, 0x0000000088c00000|100%| E|CS|TAMS 0x0000000088b00000| PB 0x0000000088b00000| Complete |  0
| 140|0x0000000088c00000, 0x0000000088d00000, 0x0000000088d00000|100%| E|CS|TAMS 0x0000000088c00000| PB 0x0000000088c00000| Complete |  0
| 141|0x0000000088d00000, 0x0000000088e00000, 0x0000000088e00000|100%| E|CS|TAMS 0x0000000088d00000| PB 0x0000000088d00000| Complete |  0
| 142|0x0000000088e00000, 0x0000000088f00000, 0x0000000088f00000|100%| E|CS|TAMS 0x0000000088e00000| PB 0x0000000088e00000| Complete |  0
| 143|0x0000000088f00000, 0x0000000089000000, 0x0000000089000000|100%| E|CS|TAMS 0x0000000088f00000| PB 0x0000000088f00000| Complete |  0
| 144|0x0000000089000000, 0x0000000089100000, 0x0000000089100000|100%| E|CS|TAMS 0x0000000089000000| PB 0x0000000089000000| Complete |  0
| 145|0x0000000089100000, 0x0000000089200000, 0x0000000089200000|100%| E|CS|TAMS 0x0000000089100000| PB 0x0000000089100000| Complete |  0
| 146|0x0000000089200000, 0x0000000089300000, 0x0000000089300000|100%| E|CS|TAMS 0x0000000089200000| PB 0x0000000089200000| Complete |  0
|2045|0x00000000ffd00000, 0x00000000ffe00000, 0x00000000ffe00000|100%| E|CS|TAMS 0x00000000ffd00000| PB 0x00000000ffd00000| Complete |  0
|2046|0x00000000ffe00000, 0x00000000fff00000, 0x00000000fff00000|100%| O|  |TAMS 0x00000000ffe00000| PB 0x00000000ffe00000| Untracked |  0
|2047|0x00000000fff00000, 0x0000000100000000, 0x0000000100000000|100%| E|CS|TAMS 0x00000000fff00000| PB 0x00000000fff00000| Complete |  0

Card table byte_map: [0x0000021d8f400000,0x0000021d8f800000] _byte_map_base: 0x0000021d8f000000

Marking Bits: (CMBitMap*) 0x0000021df707b2f0
 Bits: [0x0000021d8f800000, 0x0000021d91800000)

Polling page: 0x0000021df4fe0000

Metaspace:

Usage:
  Non-class:     75.92 MB used.
      Class:     13.06 MB used.
       Both:     88.98 MB used.

Virtual space:
  Non-class space:      128.00 MB reserved,      77.25 MB ( 60%) committed,  2 nodes.
      Class space:      416.00 MB reserved,      14.25 MB (  3%) committed,  1 nodes.
             Both:      544.00 MB reserved,      91.50 MB ( 17%) committed. 

Chunk freelists:
   Non-Class:  2.20 MB
       Class:  1.78 MB
        Both:  3.98 MB

MaxMetaspaceSize: 512.00 MB
CompressedClassSpaceSize: 416.00 MB
Initial GC threshold: 21.00 MB
Current GC threshold: 149.00 MB
CDS: on
 - commit_granule_bytes: 65536.
 - commit_granule_words: 8192.
 - virtual_space_node_default_size: 8388608.
 - enlarge_chunks_in_place: 1.
 - use_allocation_guard: 0.


Internal statistics:

num_allocs_failed_limit: 9.
num_arena_births: 4244.
num_arena_deaths: 0.
num_vsnodes_births: 3.
num_vsnodes_deaths: 0.
num_space_committed: 1464.
num_space_uncommitted: 0.
num_chunks_returned_to_freelist: 9.
num_chunks_taken_from_freelist: 8409.
num_chunk_merges: 6.
num_chunk_splits: 5449.
num_chunks_enlarged: 3391.
num_inconsistent_stats: 0.

CodeHeap 'non-profiled nmethods': size=120064Kb used=4725Kb max_used=4725Kb free=115338Kb
 bounds [0x0000021d87ac0000, 0x0000021d87f60000, 0x0000021d8f000000]
CodeHeap 'profiled nmethods': size=120000Kb used=17073Kb max_used=17073Kb free=102926Kb
 bounds [0x0000021d80000000, 0x0000021d810b0000, 0x0000021d87530000]
CodeHeap 'non-nmethods': size=5696Kb used=2881Kb max_used=2903Kb free=2814Kb
 bounds [0x0000021d87530000, 0x0000021d87810000, 0x0000021d87ac0000]
CodeCache: size=245760Kb, used=24679Kb, max_used=24701Kb, free=221078Kb
 total_blobs=12287, nmethods=11275, adapters=917, full_count=0
Compilation: enabled, stopped_count=0, restarted_count=0

Compilation events (20 events):
Event: 97.859 Thread 0x0000021d94381b70 nmethod 12963 0x0000021d8109a788 code [0x0000021d8109a8e0, 0x0000021d8109ad00]
Event: 97.859 Thread 0x0000021d94381b70 12964       3       org.gradle.internal.watch.registry.impl.DefaultFileWatcherRegistry::convertType (64 bytes)
Event: 97.861 Thread 0x0000021d94381b70 nmethod 12964 0x0000021d8109ad88 code [0x0000021d8109aee0, 0x0000021d8109b218]
Event: 101.301 Thread 0x0000021d94381b70 12965       3       java.io.ObjectInputStream::skipCustomData (105 bytes)
Event: 101.306 Thread 0x0000021d94381b70 nmethod 12965 0x0000021d8109b288 code [0x0000021d8109b4a0, 0x0000021d8109bdf8]
Event: 101.306 Thread 0x0000021d94381b70 12966       3       java.io.ObjectInputStream$BlockDataInputStream::read (138 bytes)
Event: 101.306 Thread 0x0000021d94381b70 nmethod 12966 0x0000021d8109be88 code [0x0000021d8109c040, 0x0000021d8109c720]
Event: 101.572 Thread 0x0000021d9437eea0 12967       4       java.io.ObjectOutputStream::writeClassDesc (60 bytes)
Event: 101.823 Thread 0x0000021d94381b70 12968       1       org.gradle.cache.internal.filelock.DefaultLockOptions::getMode (5 bytes)
Event: 101.826 Thread 0x0000021d94381b70 nmethod 12968 0x0000021d87f5c408 code [0x0000021d87f5c520, 0x0000021d87f5c5e8]
Event: 101.831 Thread 0x0000021d94381b70 12969       1       java.nio.channels.FileLock::position (5 bytes)
Event: 101.831 Thread 0x0000021d94381b70 nmethod 12969 0x0000021d87f5c708 code [0x0000021d87f5c820, 0x0000021d87f5c8e8]
Event: 101.831 Thread 0x0000021d94381b70 12970       1       java.nio.channels.FileLock::size (5 bytes)
Event: 101.831 Thread 0x0000021d94381b70 nmethod 12970 0x0000021d87f5ca08 code [0x0000021d87f5cb20, 0x0000021d87f5cbe8]
Event: 101.880 Thread 0x0000021d94381b70 12971       3       org.gradle.internal.file.FileHierarchySet$Node::plusWithCommonPrefixLength (341 bytes)
Event: 101.894 Thread 0x0000021d94381b70 nmethod 12971 0x0000021d8109c788 code [0x0000021d8109cd00, 0x0000021d810a06a8]
Event: 102.187 Thread 0x0000021d94381b70 12974       3       com.esotericsoftware.kryo.io.Output::<init> (26 bytes)
Event: 102.188 Thread 0x0000021d94381b70 nmethod 12974 0x0000021d810a0788 code [0x0000021d810a08c0, 0x0000021d810a0b70]
Event: 102.632 Thread 0x0000021d94381b70 12975   !   3       java.util.concurrent.locks.AbstractQueuedSynchronizer::acquire (424 bytes)
Event: 102.637 Thread 0x0000021d94381b70 nmethod 12975 0x0000021d810a0c08 code [0x0000021d810a0f40, 0x0000021d810a2830]

GC Heap History (20 events):
Event: 53.198 GC heap before
{Heap before GC invocations=28 (full 0):
 garbage-first heap   total reserved 2097152K, committed 112640K, used 101040K [0x0000000080000000, 0x0000000100000000)
  region size 1024K, 36 young (36864K), 4 survivors (4096K)
 Metaspace       used 72204K, committed 74368K, reserved 491520K
  class space    used 10562K, committed 11584K, reserved 425984K
}
Event: 53.205 GC heap after
{Heap after GC invocations=29 (full 0):
 garbage-first heap   total reserved 2097152K, committed 112640K, used 69689K [0x0000000080000000, 0x0000000100000000)
  region size 1024K, 4 young (4096K), 4 survivors (4096K)
 Metaspace       used 72204K, committed 74368K, reserved 491520K
  class space    used 10562K, committed 11584K, reserved 425984K
}
Event: 55.003 GC heap before
{Heap before GC invocations=30 (full 0):
 garbage-first heap   total reserved 2097152K, committed 117760K, used 99385K [0x0000000080000000, 0x0000000100000000)
  region size 1024K, 34 young (34816K), 4 survivors (4096K)
 Metaspace       used 73510K, committed 75712K, reserved 491520K
  class space    used 10744K, committed 11776K, reserved 425984K
}
Event: 55.010 GC heap after
{Heap after GC invocations=31 (full 0):
 garbage-first heap   total reserved 2097152K, committed 117760K, used 73615K [0x0000000080000000, 0x0000000100000000)
  region size 1024K, 5 young (5120K), 5 survivors (5120K)
 Metaspace       used 73510K, committed 75712K, reserved 491520K
  class space    used 10744K, committed 11776K, reserved 425984K
}
Event: 56.782 GC heap before
{Heap before GC invocations=31 (full 0):
 garbage-first heap   total reserved 2097152K, committed 117760K, used 105359K [0x0000000080000000, 0x0000000100000000)
  region size 1024K, 36 young (36864K), 5 survivors (5120K)
 Metaspace       used 74110K, committed 76352K, reserved 491520K
  class space    used 10794K, committed 11840K, reserved 425984K
}
Event: 56.792 GC heap after
{Heap after GC invocations=32 (full 0):
 garbage-first heap   total reserved 2097152K, committed 117760K, used 74691K [0x0000000080000000, 0x0000000100000000)
  region size 1024K, 5 young (5120K), 5 survivors (5120K)
 Metaspace       used 74110K, committed 76352K, reserved 491520K
  class space    used 10794K, committed 11840K, reserved 425984K
}
Event: 57.631 GC heap before
{Heap before GC invocations=32 (full 0):
 garbage-first heap   total reserved 2097152K, committed 117760K, used 103363K [0x0000000080000000, 0x0000000100000000)
  region size 1024K, 34 young (34816K), 5 survivors (5120K)
 Metaspace       used 75824K, committed 78080K, reserved 557056K
  class space    used 11020K, committed 12096K, reserved 425984K
}
Event: 57.638 GC heap after
{Heap after GC invocations=33 (full 0):
 garbage-first heap   total reserved 2097152K, committed 117760K, used 77024K [0x0000000080000000, 0x0000000100000000)
  region size 1024K, 3 young (3072K), 3 survivors (3072K)
 Metaspace       used 75824K, committed 78080K, reserved 557056K
  class space    used 11020K, committed 12096K, reserved 425984K
}
Event: 58.326 GC heap before
{Heap before GC invocations=34 (full 0):
 garbage-first heap   total reserved 2097152K, committed 130048K, used 105696K [0x0000000080000000, 0x0000000100000000)
  region size 1024K, 32 young (32768K), 3 survivors (3072K)
 Metaspace       used 78176K, committed 80448K, reserved 557056K
  class space    used 11337K, committed 12416K, reserved 425984K
}
Event: 58.330 GC heap after
{Heap after GC invocations=35 (full 0):
 garbage-first heap   total reserved 2097152K, committed 130048K, used 77680K [0x0000000080000000, 0x0000000100000000)
  region size 1024K, 4 young (4096K), 4 survivors (4096K)
 Metaspace       used 78176K, committed 80448K, reserved 557056K
  class space    used 11337K, committed 12416K, reserved 425984K
}
Event: 59.294 GC heap before
{Heap before GC invocations=35 (full 0):
 garbage-first heap   total reserved 2097152K, committed 130048K, used 116592K [0x0000000080000000, 0x0000000100000000)
  region size 1024K, 43 young (44032K), 4 survivors (4096K)
 Metaspace       used 80368K, committed 82752K, reserved 557056K
  class space    used 11664K, committed 12800K, reserved 425984K
}
Event: 59.303 GC heap after
{Heap after GC invocations=36 (full 0):
 garbage-first heap   total reserved 2097152K, committed 130048K, used 79808K [0x0000000080000000, 0x0000000100000000)
  region size 1024K, 6 young (6144K), 6 survivors (6144K)
 Metaspace       used 80368K, committed 82752K, reserved 557056K
  class space    used 11664K, committed 12800K, reserved 425984K
}
Event: 60.122 GC heap before
{Heap before GC invocations=36 (full 0):
 garbage-first heap   total reserved 2097152K, committed 130048K, used 116672K [0x0000000080000000, 0x0000000100000000)
  region size 1024K, 42 young (43008K), 6 survivors (6144K)
 Metaspace       used 81052K, committed 83392K, reserved 557056K
  class space    used 11738K, committed 12864K, reserved 425984K
}
Event: 60.129 GC heap after
{Heap after GC invocations=37 (full 0):
 garbage-first heap   total reserved 2097152K, committed 130048K, used 82849K [0x0000000080000000, 0x0000000100000000)
  region size 1024K, 5 young (5120K), 5 survivors (5120K)
 Metaspace       used 81052K, committed 83392K, reserved 557056K
  class space    used 11738K, committed 12864K, reserved 425984K
}
Event: 60.912 GC heap before
{Heap before GC invocations=38 (full 0):
 garbage-first heap   total reserved 2097152K, committed 140288K, used 115617K [0x0000000080000000, 0x0000000100000000)
  region size 1024K, 37 young (37888K), 5 survivors (5120K)
 Metaspace       used 82931K, committed 85376K, reserved 557056K
  class space    used 12050K, committed 13184K, reserved 425984K
}
Event: 60.919 GC heap after
{Heap after GC invocations=39 (full 0):
 garbage-first heap   total reserved 2097152K, committed 140288K, used 85339K [0x0000000080000000, 0x0000000100000000)
  region size 1024K, 3 young (3072K), 3 survivors (3072K)
 Metaspace       used 82931K, committed 85376K, reserved 557056K
  class space    used 12050K, committed 13184K, reserved 425984K
}
Event: 62.523 GC heap before
{Heap before GC invocations=39 (full 0):
 garbage-first heap   total reserved 2097152K, committed 140288K, used 127323K [0x0000000080000000, 0x0000000100000000)
  region size 1024K, 45 young (46080K), 3 survivors (3072K)
 Metaspace       used 86396K, committed 88896K, reserved 557056K
  class space    used 12708K, committed 13888K, reserved 425984K
}
Event: 62.535 GC heap after
{Heap after GC invocations=40 (full 0):
 garbage-first heap   total reserved 2097152K, committed 140288K, used 86708K [0x0000000080000000, 0x0000000100000000)
  region size 1024K, 6 young (6144K), 6 survivors (6144K)
 Metaspace       used 86396K, committed 88896K, reserved 557056K
  class space    used 12708K, committed 13888K, reserved 425984K
}
Event: 63.376 GC heap before
{Heap before GC invocations=40 (full 0):
 garbage-first heap   total reserved 2097152K, committed 140288K, used 124596K [0x0000000080000000, 0x0000000100000000)
  region size 1024K, 44 young (45056K), 6 survivors (6144K)
 Metaspace       used 88816K, committed 91392K, reserved 557056K
  class space    used 13019K, committed 14208K, reserved 425984K
}
Event: 63.385 GC heap after
{Heap after GC invocations=41 (full 0):
 garbage-first heap   total reserved 2097152K, committed 140288K, used 91570K [0x0000000080000000, 0x0000000100000000)
  region size 1024K, 5 young (5120K), 5 survivors (5120K)
 Metaspace       used 88816K, committed 91392K, reserved 557056K
  class space    used 13019K, committed 14208K, reserved 425984K
}

Dll operation events (16 events):
Event: 0.060 Loaded shared library C:\Program Files\Java\jdk-23\bin\java.dll
Event: 0.216 Loaded shared library C:\Program Files\Java\jdk-23\bin\jsvml.dll
Event: 0.498 Loaded shared library C:\Program Files\Java\jdk-23\bin\zip.dll
Event: 0.525 Loaded shared library C:\Program Files\Java\jdk-23\bin\instrument.dll
Event: 0.547 Loaded shared library C:\Program Files\Java\jdk-23\bin\net.dll
Event: 0.560 Loaded shared library C:\Program Files\Java\jdk-23\bin\nio.dll
Event: 0.578 Loaded shared library C:\Program Files\Java\jdk-23\bin\zip.dll
Event: 2.109 Loaded shared library C:\Program Files\Java\jdk-23\bin\jimage.dll
Event: 3.739 Loaded shared library C:\Program Files\Java\jdk-23\bin\verify.dll
Event: 4.810 Loaded shared library C:\Users\ASUS\.gradle\native\1def1411415f61bf3af743bc5b6707747c0891f09f0c88961ee8f79bc544acac\windows-amd64\native-platform.dll
Event: 4.923 Loaded shared library C:\Users\ASUS\.gradle\native\0.2.7\x86_64-windows-gnu\gradle-fileevents.dll
Event: 10.525 Loaded shared library C:\Program Files\Java\jdk-23\bin\management.dll
Event: 10.537 Loaded shared library C:\Program Files\Java\jdk-23\bin\management_ext.dll
Event: 11.045 Loaded shared library C:\Program Files\Java\jdk-23\bin\extnet.dll
Event: 11.943 Loaded shared library C:\Program Files\Java\jdk-23\bin\sunmscapi.dll
Event: 66.135 Loaded shared library C:\Program Files\Java\jdk-23\bin\rmi.dll

Deoptimization events (20 events):
Event: 101.515 Thread 0x0000021db798f810 Uncommon trap: trap_request=0xffffffc6 fr.pc=0x0000021d87ebd5f4 relative=0x0000000000000a34
Event: 101.515 Thread 0x0000021db798f810 Uncommon trap: reason=bimorphic_or_optimized_type_check action=maybe_recompile pc=0x0000021d87ebd5f4 method=com.google.common.collect.AbstractMapBasedMultimap$WrappedCollection.refreshIfEmpty()V @ 59 c2
Event: 101.515 Thread 0x0000021db798f810 DEOPT PACKING pc=0x0000021d87ebd5f4 sp=0x000000a09fbfe520
Event: 101.515 Thread 0x0000021db798f810 DEOPT UNPACKING pc=0x0000021d87584402 sp=0x000000a09fbfe4d8 mode 2
Event: 101.515 Thread 0x0000021db798f810 Uncommon trap: trap_request=0xffffffc6 fr.pc=0x0000021d87ebd5f4 relative=0x0000000000000a34
Event: 101.515 Thread 0x0000021db798f810 Uncommon trap: reason=bimorphic_or_optimized_type_check action=maybe_recompile pc=0x0000021d87ebd5f4 method=com.google.common.collect.AbstractMapBasedMultimap$WrappedCollection.refreshIfEmpty()V @ 59 c2
Event: 101.515 Thread 0x0000021db798f810 DEOPT PACKING pc=0x0000021d87ebd5f4 sp=0x000000a09fbfe550
Event: 101.515 Thread 0x0000021db798f810 DEOPT UNPACKING pc=0x0000021d87584402 sp=0x000000a09fbfe508 mode 2
Event: 101.519 Thread 0x0000021db798f810 Uncommon trap: trap_request=0xffffffc6 fr.pc=0x0000021d87ebd5f4 relative=0x0000000000000a34
Event: 101.519 Thread 0x0000021db798f810 Uncommon trap: reason=bimorphic_or_optimized_type_check action=maybe_recompile pc=0x0000021d87ebd5f4 method=com.google.common.collect.AbstractMapBasedMultimap$WrappedCollection.refreshIfEmpty()V @ 59 c2
Event: 101.519 Thread 0x0000021db798f810 DEOPT PACKING pc=0x0000021d87ebd5f4 sp=0x000000a09fbfe480
Event: 101.519 Thread 0x0000021db798f810 DEOPT UNPACKING pc=0x0000021d87584402 sp=0x000000a09fbfe438 mode 2
Event: 101.519 Thread 0x0000021db798f810 Uncommon trap: trap_request=0xffffffc6 fr.pc=0x0000021d87ebd5f4 relative=0x0000000000000a34
Event: 101.519 Thread 0x0000021db798f810 Uncommon trap: reason=bimorphic_or_optimized_type_check action=maybe_recompile pc=0x0000021d87ebd5f4 method=com.google.common.collect.AbstractMapBasedMultimap$WrappedCollection.refreshIfEmpty()V @ 59 c2
Event: 101.519 Thread 0x0000021db798f810 DEOPT PACKING pc=0x0000021d87ebd5f4 sp=0x000000a09fbfe430
Event: 101.519 Thread 0x0000021db798f810 DEOPT UNPACKING pc=0x0000021d87584402 sp=0x000000a09fbfe3e8 mode 2
Event: 101.565 Thread 0x0000021db8ae6800 Uncommon trap: trap_request=0xffffff45 fr.pc=0x0000021d87ef5390 relative=0x0000000000001310
Event: 101.565 Thread 0x0000021db8ae6800 Uncommon trap: reason=unstable_if action=reinterpret pc=0x0000021d87ef5390 method=java.util.concurrent.locks.AbstractQueuedSynchronizer.acquire(Ljava/util/concurrent/locks/AbstractQueuedSynchronizer$Node;IZZZJ)I @ 180 c2
Event: 101.566 Thread 0x0000021db8ae6800 DEOPT PACKING pc=0x0000021d87ef5390 sp=0x000000a09bef9ed0
Event: 101.566 Thread 0x0000021db8ae6800 DEOPT UNPACKING pc=0x0000021d87584402 sp=0x000000a09bef9eb8 mode 2

Classes loaded (20 events):
Event: 66.271 Loading class sun/rmi/server/LoaderHandler$Loader
Event: 66.271 Loading class sun/rmi/server/LoaderHandler$Loader done
Event: 66.275 Loading class java/rmi/server/ServerNotActiveException
Event: 66.276 Loading class java/rmi/server/ServerNotActiveException done
Event: 66.279 Loading class sun/rmi/transport/DGCAckHandler
Event: 66.279 Loading class sun/rmi/transport/DGCAckHandler done
Event: 66.283 Loading class sun/rmi/transport/DGCAckHandler$1
Event: 66.284 Loading class sun/rmi/transport/DGCAckHandler$1 done
Event: 66.368 Loading class sun/rmi/transport/tcp/TCPTransport$ConnectionHandler
Event: 66.369 Loading class sun/rmi/transport/tcp/TCPTransport$ConnectionHandler done
Event: 66.380 Loading class sun/rmi/transport/Transport$1
Event: 66.380 Loading class sun/rmi/transport/Transport$1 done
Event: 66.381 Loading class sun/rmi/transport/DGCImpl$LeaseInfo
Event: 66.382 Loading class sun/rmi/transport/DGCImpl$LeaseInfo done
Event: 66.382 Loading class sun/rmi/transport/DGCImpl$1
Event: 66.382 Loading class sun/rmi/transport/DGCImpl$1 done
Event: 66.382 Loading class sun/rmi/transport/SequenceEntry
Event: 66.382 Loading class sun/rmi/transport/SequenceEntry done
Event: 92.078 Loading class java/time/Instant$1
Event: 92.080 Loading class java/time/Instant$1 done

Classes unloaded (0 events):
No events

Classes redefined (0 events):
No events

Internal exceptions (20 events):
Event: 63.624 Thread 0x0000021db8ae6800 Exception <a 'java/lang/NoSuchMethodError'{0x0000000088e9cce8}: static Lorg/jetbrains/kotlin/incremental/ClasspathChanges;.<clinit>()V> (0x0000000088e9cce8) 
thrown [s\open\src\hotspot\share\prims\jni.cpp, line 1111]
Event: 63.644 Thread 0x0000021db421e480 Exception <a 'java/lang/NoSuchMethodError'{0x00000000fff54250}: static Lorg/gradle/internal/build/event/types/DefaultWorkItemDescriptor;.<clinit>()V> (0x00000000fff54250) 
thrown [s\open\src\hotspot\share\prims\jni.cpp, line 1111]
Event: 63.644 Thread 0x0000021db8ae6170 Exception <a 'sun/nio/fs/WindowsException'{0x0000000088d49308}> (0x0000000088d49308) 
thrown [s\open\src\hotspot\share\prims\jni.cpp, line 520]
Event: 63.712 Thread 0x0000021db798f810 Exception <a 'java/lang/NoSuchMethodError'{0x0000000088af9758}: 'long java.lang.invoke.DirectMethodHandle$Holder.invokeStatic(java.lang.Object)'> (0x0000000088af9758) 
thrown [s\open\src\hotspot\share\interpreter\linkResolver.cpp, line 796]
Event: 63.712 Thread 0x0000021db798f810 Exception <a 'java/lang/NoSuchMethodError'{0x0000000088afcd08}: 'long java.lang.invoke.DirectMethodHandle$Holder.invokeStaticInit(java.lang.Object)'> (0x0000000088afcd08) 
thrown [s\open\src\hotspot\share\interpreter\linkResolver.cpp, line 796]
Event: 63.746 Thread 0x0000021db798f810 Exception <a 'java/lang/NoSuchMethodError'{0x00000000888063d8}: 'int java.lang.invoke.DirectMethodHandle$Holder.invokeStatic(java.lang.Object, long)'> (0x00000000888063d8) 
thrown [s\open\src\hotspot\share\interpreter\linkResolver.cpp, line 796]
Event: 66.107 Thread 0x0000021db798f810 Exception <a 'java/lang/NoSuchMethodError'{0x0000000088648400}: static Lorg/jetbrains/kotlin/daemon/common/LoopbackNetworkInterface$AbstractClientLoopbackSocketFactory;.<clinit>()V> (0x0000000088648400) 
thrown [s\open\src\hotspot\share\prims\jni.cpp, line 1111]
Event: 66.108 Thread 0x0000021db798f810 Exception <a 'java/lang/NoSuchMethodError'{0x0000000088651a68}: static Lorg/jetbrains/kotlin/daemon/common/LoopbackNetworkInterface$ClientLoopbackSocketFactory;.<clinit>()V> (0x0000000088651a68) 
thrown [s\open\src\hotspot\share\prims\jni.cpp, line 1111]
Event: 66.144 Thread 0x0000021db798f810 Exception <a 'java/lang/NoSuchMethodError'{0x00000000886ce178}: static [Ljava/rmi/server/ObjID;.<clinit>()V> (0x00000000886ce178) 
thrown [s\open\src\hotspot\share\prims\jni.cpp, line 1111]
Event: 66.147 Thread 0x0000021db798f810 Exception <a 'java/lang/NoSuchMethodError'{0x00000000886e8568}: static [B.<clinit>()V> (0x00000000886e8568) 
thrown [s\open\src\hotspot\share\prims\jni.cpp, line 1111]
Event: 66.163 Thread 0x0000021db798fea0 Exception <a 'java/lang/NoSuchMethodError'{0x00000000886bd1b0}: 'java.lang.Object java.lang.invoke.DirectMethodHandle$Holder.invokeSpecial(java.lang.Object, java.lang.Object, int, java.lang.Object, long)'> (0x00000000886bd1b0) 
thrown [s\open\src\hotspot\share\interpreter\linkResolver.cpp, line 796]
Event: 66.164 Thread 0x0000021db798fea0 Exception <a 'java/lang/NoSuchMethodError'{0x00000000886fb7f0}: 'java.lang.Object java.lang.invoke.DirectMethodHandle$Holder.newInvokeSpecial(java.lang.Object, java.lang.Object, int, java.lang.Object, long)'> (0x00000000886fb7f0) 
thrown [s\open\src\hotspot\share\interpreter\linkResolver.cpp, line 796]
Event: 66.196 Thread 0x0000021db798f810 Exception <a 'java/lang/NoSuchMethodError'{0x000000008852f478}: static Lorg/jetbrains/kotlin/daemon/common/CompileService$CallResult;.<clinit>()V> (0x000000008852f478) 
thrown [s\open\src\hotspot\share\prims\jni.cpp, line 1111]
Event: 66.197 Thread 0x0000021db798f810 Exception <a 'java/lang/NoSuchMethodError'{0x0000000088538b68}: static Lorg/jetbrains/kotlin/daemon/common/CompileService$CallResult$Good;.<clinit>()V> (0x0000000088538b68) 
thrown [s\open\src\hotspot\share\prims\jni.cpp, line 1111]
Event: 66.198 Thread 0x0000021db798f810 Exception <a 'java/lang/NoSuchMethodError'{0x00000000885435a8}: static Lorg/jetbrains/kotlin/daemon/common/DaemonJVMOptions;.<clinit>()V> (0x00000000885435a8) 
thrown [s\open\src\hotspot\share\prims\jni.cpp, line 1111]
Event: 66.210 Thread 0x0000021db798f810 Exception <a 'java/lang/NoSuchMethodError'{0x000000008855ac88}: static Lorg/jetbrains/kotlin/daemon/common/CompileService$CallResult$Ok;.<clinit>()V> (0x000000008855ac88) 
thrown [s\open\src\hotspot\share\prims\jni.cpp, line 1111]
Event: 66.273 Thread 0x0000021db798f810 Exception <a 'java/lang/NoSuchMethodError'{0x0000000088493360}: static [Ljava/lang/Integer;.<clinit>()V> (0x0000000088493360) 
thrown [s\open\src\hotspot\share\prims\jni.cpp, line 1111]
Event: 90.797 Thread 0x0000021db97caaa0 Exception <a 'java/lang/NoSuchMethodError'{0x000000008822f590}: 'void java.lang.invoke.DirectMethodHandle$Holder.invokeInterface(java.lang.Object, java.lang.Object, int, java.lang.Object)'> (0x000000008822f590) 
thrown [s\open\src\hotspot\share\interpreter\linkResolver.cpp, line 796]
Event: 90.800 Thread 0x0000021db97caaa0 Exception <a 'java/lang/NoSuchMethodError'{0x0000000088232e70}: 'void java.lang.invoke.DelegatingMethodHandle$Holder.reinvoke_L(java.lang.Object, java.lang.Object, int, java.lang.Object)'> (0x0000000088232e70) 
thrown [s\open\src\hotspot\share\interpreter\linkResolver.cpp, line 796]
Event: 90.931 Thread 0x0000021db97caaa0 Exception <a 'java/lang/NoSuchMethodError'{0x0000000088251a30}: 'void java.lang.invoke.DelegatingMethodHandle$Holder.reinvoke_L(java.lang.Object, java.lang.Object, int, int, java.lang.Object, java.lang.Object)'> (0x0000000088251a30) 
thrown [s\open\src\hotspot\share\interpreter\linkResolver.cpp, line 796]

VM Operations (20 events):
Event: 62.767 Executing VM operation: HandshakeAllThreads (Deoptimize)
Event: 62.767 Executing VM operation: HandshakeAllThreads (Deoptimize) done
Event: 62.769 Executing VM operation: HandshakeAllThreads (Deoptimize)
Event: 62.769 Executing VM operation: HandshakeAllThreads (Deoptimize) done
Event: 63.375 Executing VM operation: G1CollectForAllocation (G1 Evacuation Pause)
Event: 63.385 Executing VM operation: G1CollectForAllocation (G1 Evacuation Pause) done
Event: 63.458 Executing VM operation: G1PauseRemark
Event: 63.474 Executing VM operation: G1PauseRemark done
Event: 63.485 Executing VM operation: HandshakeAllThreads (Deoptimize)
Event: 63.486 Executing VM operation: HandshakeAllThreads (Deoptimize) done
Event: 63.500 Executing VM operation: G1PauseCleanup
Event: 63.500 Executing VM operation: G1PauseCleanup done
Event: 64.071 Executing VM operation: HandshakeAllThreads (Deoptimize)
Event: 64.072 Executing VM operation: HandshakeAllThreads (Deoptimize) done
Event: 64.074 Executing VM operation: HandshakeAllThreads (Deoptimize)
Event: 64.074 Executing VM operation: HandshakeAllThreads (Deoptimize) done
Event: 66.018 Executing VM operation: HandshakeAllThreads (Deoptimize)
Event: 66.019 Executing VM operation: HandshakeAllThreads (Deoptimize) done
Event: 66.174 Executing VM operation: HandshakeAllThreads (Deoptimize)
Event: 66.174 Executing VM operation: HandshakeAllThreads (Deoptimize) done

Memory protections (0 events):
No events

Nmethod flushes (20 events):
Event: 63.473 Thread 0x0000021d94353f10 flushing  nmethod 0x0000021d806c2488
Event: 63.473 Thread 0x0000021d94353f10 flushing  nmethod 0x0000021d8087a388
Event: 63.473 Thread 0x0000021d94353f10 flushing  nmethod 0x0000021d80c99e08
Event: 63.473 Thread 0x0000021d94353f10 flushing  nmethod 0x0000021d8004a008
Event: 63.473 Thread 0x0000021d94353f10 flushing  nmethod 0x0000021d800a3088
Event: 63.473 Thread 0x0000021d94353f10 flushing  nmethod 0x0000021d800a4f08
Event: 63.473 Thread 0x0000021d94353f10 flushing  nmethod 0x0000021d802e5c08
Event: 63.473 Thread 0x0000021d94353f10 flushing  nmethod 0x0000021d80410388
Event: 63.473 Thread 0x0000021d94353f10 flushing  nmethod 0x0000021d80658908
Event: 63.473 Thread 0x0000021d94353f10 flushing  nmethod 0x0000021d80658c08
Event: 63.473 Thread 0x0000021d94353f10 flushing  nmethod 0x0000021d80690588
Event: 63.473 Thread 0x0000021d94353f10 flushing  nmethod 0x0000021d807e3908
Event: 63.473 Thread 0x0000021d94353f10 flushing  nmethod 0x0000021d807e4088
Event: 63.473 Thread 0x0000021d94353f10 flushing  nmethod 0x0000021d807e4e08
Event: 63.473 Thread 0x0000021d94353f10 flushing  nmethod 0x0000021d80938108
Event: 63.473 Thread 0x0000021d94353f10 flushing  nmethod 0x0000021d8062ca88
Event: 63.473 Thread 0x0000021d94353f10 flushing  nmethod 0x0000021d807dfc08
Event: 63.473 Thread 0x0000021d94353f10 flushing  nmethod 0x0000021d8088f108
Event: 63.473 Thread 0x0000021d94353f10 flushing  nmethod 0x0000021d80b38208
Event: 63.473 Thread 0x0000021d94353f10 flushing  nmethod 0x0000021d80ce1508

Events (20 events):
Event: 62.618 Thread 0x0000021db8ae6800 Thread added: 0x0000021db84055e0
Event: 62.619 Thread 0x0000021db8aeca70 Thread added: 0x0000021db79918e0
Event: 62.621 Thread 0x0000021db8aeca70 Thread added: 0x0000021db545d550
Event: 62.623 Thread 0x0000021db8aeca70 Thread added: 0x0000021db545e900
Event: 62.625 Thread 0x0000021db8aeca70 Thread added: 0x0000021db545e270
Event: 62.627 Thread 0x0000021db8aeca70 Thread added: 0x0000021db76db340
Event: 62.629 Thread 0x0000021db8aeca70 Thread added: 0x0000021db76dacb0
Event: 62.631 Thread 0x0000021db8aeca70 Thread added: 0x0000021db76d9f90
Event: 63.636 Thread 0x0000021db8ae6800 Thread added: 0x0000021db798f810
Event: 64.082 Thread 0x0000021db798f810 Thread added: 0x0000021db97d3ae0
Event: 65.940 Thread 0x0000021db97d3ae0 Thread exited: 0x0000021db97d3ae0
Event: 66.110 Thread 0x0000021db798f810 Thread added: 0x0000021db798e460
Event: 66.130 Thread 0x0000021db798f810 Thread added: 0x0000021db798fea0
Event: 66.137 Thread 0x0000021db798f810 Thread added: 0x0000021db7990530
Event: 66.262 Thread 0x0000021db798f810 Thread added: 0x0000021db7990bc0
Event: 66.262 Thread 0x0000021db798f810 Thread added: 0x0000021db798f180
Event: 66.370 Thread 0x0000021db7990bc0 Thread added: 0x0000021db97caaa0
Event: 95.763 Thread 0x0000021db6da8170 Thread exited: 0x0000021db6da8170
Event: 95.763 Thread 0x0000021db6da7ae0 Thread exited: 0x0000021db6da7ae0
Event: 95.835 Thread 0x0000021db6da7450 Thread exited: 0x0000021db6da7450


Dynamic libraries:
0x00007ff7d6360000 - 0x00007ff7d6370000 	C:\Program Files\Java\jdk-23\bin\java.exe
0x00007ff8eb000000 - 0x00007ff8eb266000 	C:\WINDOWS\SYSTEM32\ntdll.dll
0x00007ff8ea3b0000 - 0x00007ff8ea479000 	C:\WINDOWS\System32\KERNEL32.DLL
0x00007ff8e84c0000 - 0x00007ff8e88be000 	C:\WINDOWS\System32\KERNELBASE.dll
0x00007ff8e8960000 - 0x00007ff8e8aac000 	C:\WINDOWS\System32\ucrtbase.dll
0x00007ff8c9cd0000 - 0x00007ff8c9ce7000 	C:\Program Files\Java\jdk-23\bin\jli.dll
0x00007ff8e8d30000 - 0x00007ff8e8ef7000 	C:\WINDOWS\System32\USER32.dll
0x00007ff8e8d00000 - 0x00007ff8e8d27000 	C:\WINDOWS\System32\win32u.dll
0x00007ff8e98c0000 - 0x00007ff8e98eb000 	C:\WINDOWS\System32\GDI32.dll
0x00007ff8e8220000 - 0x00007ff8e834a000 	C:\WINDOWS\System32\gdi32full.dll
0x00007ff8e8410000 - 0x00007ff8e84b3000 	C:\WINDOWS\System32\msvcp_win.dll
0x00007ff8a7f10000 - 0x00007ff8a7f2b000 	C:\Program Files\Java\jdk-23\bin\VCRUNTIME140.dll
0x00007ff8d3e70000 - 0x00007ff8d4102000 	C:\WINDOWS\WinSxS\amd64_microsoft.windows.common-controls_6595b64144ccf1df_6.0.26100.8875_none_3e0d5d42e32fe9dd\COMCTL32.dll
0x00007ff8e90b0000 - 0x00007ff8e9159000 	C:\WINDOWS\System32\msvcrt.dll
0x00007ff8e9590000 - 0x00007ff8e95c2000 	C:\WINDOWS\System32\IMM32.DLL
0x0000000059d50000 - 0x0000000059d5d000 	C:\Program Files (x86)\360\Total Security\safemon\SafeWrapper.dll
0x00007ff8e9ae0000 - 0x00007ff8e9b97000 	C:\WINDOWS\System32\ADVAPI32.dll
0x00007ff8ea480000 - 0x00007ff8ea52a000 	C:\WINDOWS\System32\sechost.dll
0x00007ff8e96b0000 - 0x00007ff8e97c8000 	C:\WINDOWS\System32\RPCRT4.dll
0x00007ff8e3040000 - 0x00007ff8e3145000 	C:\Program Files (x86)\360\Total Security\safemon\libzdtp64.dll
0x00007ff8e9c10000 - 0x00007ff8ea3a2000 	C:\WINDOWS\System32\SHELL32.dll
0x00007ff8e9ba0000 - 0x00007ff8e9c07000 	C:\WINDOWS\System32\SHLWAPI.dll
0x00007ff8e7ad0000 - 0x00007ff8e7adb000 	C:\WINDOWS\SYSTEM32\VERSION.dll
0x00007ff8dd6c0000 - 0x00007ff8dd6cc000 	C:\Program Files\Java\jdk-23\bin\vcruntime140_1.dll
0x00007ff8914c0000 - 0x00007ff89154e000 	C:\Program Files\Java\jdk-23\bin\msvcp140.dll
0x00007fffab8f0000 - 0x00007fffac63f000 	C:\Program Files\Java\jdk-23\bin\server\jvm.dll
0x00007ff8ea530000 - 0x00007ff8ea5b0000 	C:\WINDOWS\System32\WS2_32.dll
0x00007ff8dd750000 - 0x00007ff8dd786000 	C:\WINDOWS\SYSTEM32\WINMM.dll
0x00007ff8e8080000 - 0x00007ff8e80de000 	C:\WINDOWS\SYSTEM32\POWRPROF.dll
0x00007ff8e8060000 - 0x00007ff8e8074000 	C:\WINDOWS\SYSTEM32\UMPDC.dll
0x00007ff8e6e80000 - 0x00007ff8e6e9b000 	C:\WINDOWS\SYSTEM32\kernel.appcore.dll
0x00007ff8a7f00000 - 0x00007ff8a7f0a000 	C:\Program Files\Java\jdk-23\bin\jimage.dll
0x00007ff8de750000 - 0x00007ff8de992000 	C:\WINDOWS\SYSTEM32\DBGHELP.DLL
0x00007ff8eabe0000 - 0x00007ff8eaf63000 	C:\WINDOWS\System32\combase.dll
0x00007ff8e95d0000 - 0x00007ff8e96a9000 	C:\WINDOWS\System32\OLEAUT32.dll
0x00007ff8d21f0000 - 0x00007ff8d222b000 	C:\WINDOWS\SYSTEM32\dbgcore.DLL
0x00007ff8e8ac0000 - 0x00007ff8e8b6c000 	C:\WINDOWS\System32\bcryptPrimitives.dll
0x00007ff8a7ef0000 - 0x00007ff8a7eff000 	C:\Program Files\Java\jdk-23\bin\instrument.dll
0x00007ff89db50000 - 0x00007ff89db6e000 	C:\Program Files\Java\jdk-23\bin\java.dll
0x00007ff8e9940000 - 0x00007ff8e9ad9000 	C:\WINDOWS\System32\ole32.dll
0x00007ff8e5c60000 - 0x00007ff8e64f2000 	C:\WINDOWS\SYSTEM32\windows.storage.dll
0x00007ff8e8f00000 - 0x00007ff8e8ff7000 	C:\WINDOWS\System32\SHCORE.dll
0x00007ff8e8140000 - 0x00007ff8e8169000 	C:\WINDOWS\SYSTEM32\profapi.dll
0x00007ff88e3c0000 - 0x00007ff88e497000 	C:\Program Files\Java\jdk-23\bin\jsvml.dll
0x00007ff8944b0000 - 0x00007ff8944c7000 	C:\Program Files\Java\jdk-23\bin\zip.dll
0x00007ff8a7ee0000 - 0x00007ff8a7ef0000 	C:\Program Files\Java\jdk-23\bin\net.dll
0x00007ff8e7430000 - 0x00007ff8e749c000 	C:\WINDOWS\system32\mswsock.dll
0x00007ff894490000 - 0x00007ff8944a6000 	C:\Program Files\Java\jdk-23\bin\nio.dll
0x00007ff891e30000 - 0x00007ff891e40000 	C:\Program Files\Java\jdk-23\bin\verify.dll
0x00007ff8da7d0000 - 0x00007ff8da7f7000 	C:\Users\ASUS\.gradle\native\1def1411415f61bf3af743bc5b6707747c0891f09f0c88961ee8f79bc544acac\windows-amd64\native-platform.dll
0x00007ff890c40000 - 0x00007ff890cb8000 	C:\Users\ASUS\.gradle\native\0.2.7\x86_64-windows-gnu\gradle-fileevents.dll
0x00007ff8cf0d0000 - 0x00007ff8cf0da000 	C:\Program Files\Java\jdk-23\bin\management.dll
0x00007ff8cf0c0000 - 0x00007ff8cf0cb000 	C:\Program Files\Java\jdk-23\bin\management_ext.dll
0x00007ff8e90a0000 - 0x00007ff8e90a8000 	C:\WINDOWS\System32\PSAPI.DLL
0x00007ff8e6850000 - 0x00007ff8e6883000 	C:\WINDOWS\SYSTEM32\IPHLPAPI.DLL
0x00007ff8e9090000 - 0x00007ff8e909a000 	C:\WINDOWS\System32\NSI.dll
0x00007ff8cf070000 - 0x00007ff8cf079000 	C:\Program Files\Java\jdk-23\bin\extnet.dll
0x00007ff8e7730000 - 0x00007ff8e774b000 	C:\WINDOWS\SYSTEM32\CRYPTSP.dll
0x00007ff8e6de0000 - 0x00007ff8e6e19000 	C:\WINDOWS\system32\rsaenh.dll
0x00007ff8e74f0000 - 0x00007ff8e7522000 	C:\WINDOWS\SYSTEM32\USERENV.dll
0x00007ff8e8110000 - 0x00007ff8e813a000 	C:\WINDOWS\SYSTEM32\bcrypt.dll
0x00007ff8e7750000 - 0x00007ff8e775c000 	C:\WINDOWS\SYSTEM32\CRYPTBASE.dll
0x00007ff8cf060000 - 0x00007ff8cf06e000 	C:\Program Files\Java\jdk-23\bin\sunmscapi.dll
0x00007ff8e8b80000 - 0x00007ff8e8cf8000 	C:\WINDOWS\System32\CRYPT32.dll
0x00007ff8e7970000 - 0x00007ff8e79a0000 	C:\WINDOWS\SYSTEM32\ncrypt.dll
0x00007ff8e7920000 - 0x00007ff8e795f000 	C:\WINDOWS\SYSTEM32\NTASN1.dll
0x00007ff8cd7e0000 - 0x00007ff8cd7e8000 	C:\WINDOWS\system32\wshunix.dll
0x00007ff8cf090000 - 0x00007ff8cf097000 	C:\Program Files\Java\jdk-23\bin\rmi.dll

dbghelp: loaded successfully - version: 4.0.5 - missing functions: none
symbol engine: initialized successfully - sym options: 0x614 - pdb path: .;C:\Program Files\Java\jdk-23\bin;C:\WINDOWS\SYSTEM32;C:\WINDOWS\WinSxS\amd64_microsoft.windows.common-controls_6595b64144ccf1df_6.0.26100.8875_none_3e0d5d42e32fe9dd;C:\Program Files (x86)\360\Total Security\safemon;C:\Program Files\Java\jdk-23\bin\server;C:\Users\ASUS\.gradle\native\1def1411415f61bf3af743bc5b6707747c0891f09f0c88961ee8f79bc544acac\windows-amd64;C:\Users\ASUS\.gradle\native\0.2.7\x86_64-windows-gnu

VM Arguments:
jvm_args: --add-opens=java.base/java.lang=ALL-UNNAMED --add-opens=java.base/java.lang.invoke=ALL-UNNAMED --add-opens=java.base/java.util=ALL-UNNAMED --add-opens=java.prefs/java.util.prefs=ALL-UNNAMED --add-exports=jdk.compiler/com.sun.tools.javac.api=ALL-UNNAMED --add-exports=jdk.compiler/com.sun.tools.javac.util=ALL-UNNAMED --add-opens=java.base/java.util=ALL-UNNAMED --add-opens=java.prefs/java.util.prefs=ALL-UNNAMED --add-opens=java.base/java.nio.charset=ALL-UNNAMED --add-opens=java.base/java.net=ALL-UNNAMED --add-opens=java.base/java.util.concurrent.atomic=ALL-UNNAMED --add-opens=java.xml/javax.xml.namespace=ALL-UNNAMED -XX:MaxMetaspaceSize=512m -Xmx2048m -Dfile.encoding=UTF-8 -Duser.country=US -Duser.language=en -Duser.variant -javaagent:C:\Users\ASUS\.gradle\wrapper\dists\gradle-8.14.3-bin\cv11ve7ro1n3o1j4so8xd9n66\gradle-8.14.3\lib\agents\gradle-instrumentation-agent-8.14.3.jar 
java_command: org.gradle.launcher.daemon.bootstrap.GradleDaemon 8.14.3
java_class_path (initial): C:\Users\ASUS\.gradle\wrapper\dists\gradle-8.14.3-bin\cv11ve7ro1n3o1j4so8xd9n66\gradle-8.14.3\lib\gradle-daemon-main-8.14.3.jar
Launcher Type: SUN_STANDARD

[Global flags]
     intx CICompilerCount                          = 4                                         {product} {ergonomic}
   size_t CompressedClassSpaceSize                 = 436207616                                 {product} {ergonomic}
     uint ConcGCThreads                            = 3                                         {product} {ergonomic}
     uint G1ConcRefinementThreads                  = 10                                        {product} {ergonomic}
   size_t G1HeapRegionSize                         = 1048576                                   {product} {ergonomic}
   size_t InitialHeapSize                          = 125829120                                 {product} {ergonomic}
   size_t MarkStackSize                            = 4194304                                   {product} {ergonomic}
   size_t MarkStackSizeMax                         = 536870912                                 {product} {ergonomic}
   size_t MaxHeapSize                              = 2147483648                                {product} {command line}
   size_t MaxMetaspaceSize                         = 536870912                                 {product} {command line}
   size_t MaxNewSize                               = 1287651328                                {product} {ergonomic}
   size_t MinHeapDeltaBytes                        = 1048576                                   {product} {ergonomic}
   size_t MinHeapSize                              = 8388608                                   {product} {ergonomic}
    uintx NonNMethodCodeHeapSize                   = 5832704                                {pd product} {ergonomic}
    uintx NonProfiledCodeHeapSize                  = 122945536                              {pd product} {ergonomic}
    uintx ProfiledCodeHeapSize                     = 122880000                              {pd product} {ergonomic}
    uintx ReservedCodeCacheSize                    = 251658240                              {pd product} {ergonomic}
     bool SegmentedCodeCache                       = true                                      {product} {ergonomic}
   size_t SoftMaxHeapSize                          = 2147483648                             {manageable} {ergonomic}
     bool UseCompressedOops                        = true                           {product lp64_product} {ergonomic}
     bool UseG1GC                                  = true                                      {product} {ergonomic}
     bool UseLargePagesIndividualAllocation        = false                                  {pd product} {ergonomic}

Logging:
Log output configuration:
 #0: stdout all=warning uptime,level,tags foldmultilines=false
 #1: stderr all=off uptime,level,tags foldmultilines=false

Environment Variables:
PATH=C:\Program Files\Common Files\Oracle\Java\javapath;C:\Windows\system32;C:\Windows;C:\Windows\System32\Wbem;C:\Windows\System32\WindowsPowerShell\v1.0\;C:\Windows\System32\OpenSSH\;C:\Program Files (x86)\NVIDIA Corporation\PhysX\Common;C:\Program Files\NVIDIA Corporation\NVIDIA NvDLISR;C:\WINDOWS\system32;C:\WINDOWS;C:\WINDOWS\System32\Wbem;C:\WINDOWS\System32\WindowsPowerShell\v1.0\;C:\WINDOWS\System32\OpenSSH\;C:\Program Files (x86)\pcsuite\;C:\Program Files\nodejs\;C:\Program Files\Git\cmd;C:\Program Files\Common Files\Oracle\Java\javapath;C:\Windows\system32;C:\Windows;C:\Windows\System32\Wbem;C:\Windows\System32\WindowsPowerShell\v1.0\;C:\Windows\System32\OpenSSH\;C:\Program Files (x86)\NVIDIA Corporation\PhysX\Common;C:\Program Files\NVIDIA Corporation\NVIDIA NvDLISR;C:\WINDOWS\system32;C:\WINDOWS;C:\WINDOWS\System32\Wbem;C:\WINDOWS\System32\WindowsPowerShell\v1.0\;C:\WINDOWS\System32\OpenSSH\;C:\Program Files (x86)\pcsuite\;C:\Program Files\nodejs\;C:\Program Files\Git\cmd;C:\Users\ASUS\.local\bin;C:\Users\ASUS\AppData\Local\Microsoft\WindowsApps;C:\Users\ASUS\AppData\Local\Programs\Microsoft VS Code\bin;C:\Users\ASUS\AppData\Roaming\npm;C:\Users\ASUS\AppData\Local\Android\Sdk\platform-tools
USERNAME=ASUS
OS=Windows_NT
PROCESSOR_IDENTIFIER=AMD64 Family 23 Model 96 Stepping 1, AuthenticAMD
TMP=C:\Users\ASUS\AppData\Local\Temp
TEMP=C:\Users\ASUS\AppData\Local\Temp




Periodic native trim disabled

---------------  S Y S T E M  ---------------

OS:
 Windows 11 , 64 bit Build 26100 (10.0.26100.8875)
OS uptime: 1 days 18:04 hours

CPU: total 12 (initial active 12) (12 cores per cpu, 2 threads per core) family 23 model 96 stepping 1 microcode 0x8600106, cx8, cmov, fxsr, ht, mmx, 3dnowpref, sse, sse2, sse3, ssse3, sse4a, sse4.1, sse4.2, popcnt, lzcnt, tsc, tscinvbit, avx, avx2, aes, clmul, bmi1, bmi2, adx, sha, fma, vzeroupper, clflush, clflushopt, rdtscp, rdpid, f16c
Processor Information for the first 12 processors :
  Max Mhz: 3001, Current Mhz: 3001, Mhz Limit: 3001

Memory: 4k page, system-wide physical 7597M (50M free)
TotalPageFile size 31149M (AvailPageFile size 2M)
current process WorkingSet (physical memory assigned to process): 105M, peak: 391M
current process commit charge ("private bytes"): 464M, peak: 466M

vm_info: Java HotSpot(TM) 64-Bit Server VM (23+37-2369) for windows-amd64 JRE (23+37-2369), built on 2024-08-20T16:01:23Z with MS VC++ 17.6 (VS2022)

END.
